"Adinolfi, Wilson  K",10026,0,0,1,1,5,4,0,62506,0,19,"Production Technician I",MA,1960,07/10/83,"M ",Single,"US Citizen",No,White,7/5/2011,,N/A-StillEmployed,Active,"Production       ","Michael Albert",22,LinkedIn,Exceeds,4.6,5,0,1/17/2019,0,1
"Ait Sidi, Karthikeyan   ",10084,1,1,1,5,3,3,,104437,1,27,"Sr. DBA",MA,2148,1975-05-05,"M ",Married,"US Citizen",No,White,2015-03-30,2016-06-16,"career change","Voluntarily Terminated",IT/IS,"Simon Roup",4,Indeed,"Fully Meets",4.96,3,6,2016-02-24,,17
"Akinkuolie, Sarah",10196,1,1,,5,5,3,,64955,1,20,"Production Technician II",MA,1810,1988-09-19,F,Married,"US Citizen",No,White,2011-07-05,2012-09-24,hours,"Voluntarily Terminated","Production       ","Kissy Sullivan",20,LinkedIn,"Fully Meets",3.02,3,,2012-05-15,,3
"Alagbe,Trina",10088,1,1,,1,5,3,,64991,,19,"Production Technician I",MA,1886,1988-09-27,F,Married,"US Citizen",No,White,2008-01-07,,N/A-StillEmployed,Active,"Production       ","Elijiah Gray",16,Indeed,"Fully Meets",4.84,5,,2019-01-03,,15
"Anderson, Carol ",10069,,2,,5,5,3,,50825,1,19,"Production Technician I",MA,2169,1989-09-08,F,Divorced,"US Citizen",No,White,2011-07-11,2016-09-06,"return to school","Voluntarily Terminated","Production       ","Webster Butler",39,"Google Search","Fully Meets",5,4,,2016-02-01,,2
"Anderson, Linda  ",10002,,,,1,5,4,,57568,,19,"Production Technician I",MA,1844,1977-05-22,F,Single,"US Citizen",No,White,2012-01-09,,N/A-StillEmployed,Active,"Production       ","Amy Dunn",11,LinkedIn,Exceeds,5,5,,2019-01-07,,15
"Andreola, Colby",10194,,,,1,4,3,,95660,,24,"Software Engineer",MA,2110,1979-05-24,F,Single,"US Citizen",No,White,2014-11-10,,N/A-StillEmployed,Active,"Software Engineering","Alex Sweetwater",10,LinkedIn,"Fully Meets",3.04,3,4,2019-01-02,,19
"Athwal, Sam",10062,,4,1,1,5,3,,59365,,19,"Production Technician I",MA,2199,1983-02-18,"M ",Widowed,"US Citizen",No,White,2013-09-30,,N/A-StillEmployed,Active,"Production       ","Ketsia Liebig",19,"Employee Referral","Fully Meets",5,4,,2019-02-25,,19
"Bachiochi, Linda",10114,,,,3,5,3,1,47837,,19,"Production Technician I",MA,1902,1970-02-11,F,Single,"US Citizen",No,"Black or African American",2009-07-06,,N/A-StillEmployed,Active,"Production       ","Brannon Miller",12,"Diversity Job Fair","Fully Meets",4.46,3,,2019-01-25,,4
"Bacong, Alejandro ",10250,,2,1,1,3,3,,50178,,14,"IT Support",MA,1886,1988-01-07,"M ",Divorced,"US Citizen",No,White,2015-01-05,,N/A-StillEmployed,Active,IT/IS,"Peter Monroe",7,Indeed,"Fully Meets",5,5,6,2019-02-18,,16
"Baczenski, Rachael  ",10252,1,1,,5,5,3,1,54670,1,19,"Production Technician I",MA,1902,1974-01-12,F,Married,"US Citizen",Yes,"Black or African American",2011-01-10,2017-01-12,"Another position","Voluntarily Terminated","Production       ","David Stanley",14,"Diversity Job Fair","Fully Meets",4.2,4,,2016-01-30,,12
"Barbara, Thomas",10242,1,1,1,5,5,3,1,47211,1,19,"Production Technician I",MA,2062,1974-02-21,"M ",Married,"US Citizen",Yes,"Black or African American",2012-04-02,2016-09-19,unhappy,"Voluntarily Terminated","Production       ","Kissy Sullivan",20,"Diversity Job Fair","Fully Meets",4.2,3,,2016-05-06,,15
"Barbossa, Hector",10012,,2,1,1,3,4,1,92328,,9,"Data Analyst",TX,78230,1988-07-04,"M ",Divorced,"US Citizen",No,"Black or African American",2014-11-10,,N/A-StillEmployed,Active,IT/IS,"Simon Roup",4,"Diversity Job Fair",Exceeds,4.28,4,5,2019-02-25,,9
"Barone, Francesco  A",10265,,,1,1,5,3,,58709,,19,"Production Technician I",MA,1810,1983-07-20,"M ",Single,"US Citizen",No,"Two or more races",2012-02-20,,N/A-StillEmployed,Active,"Production       ","Kelley Spirea",18,"Google Search","Fully Meets",4.6,4,,2019-02-14,,7
"Barton, Nader",10066,,2,1,5,5,3,,52505,1,19,"Production Technician I",MA,2747,1977-07-15,"M ",Divorced,"US Citizen",No,White,2012-09-24,2017-04-06,"Another position","Voluntarily Terminated","Production       ","Michael Albert",22,"On-line Web application","Fully Meets",5,5,,2017-03-02,,1
"Bates, Norman",10061,,,1,4,5,3,,57834,1,19,"Production Technician I",MA,2050,1981-10-18,"M ",Single,"US Citizen",No,White,2011-02-21,2017-08-04,attendance,"Terminated for Cause","Production       ","Kelley Spirea",18,"Google Search","Fully Meets",5,4,,2017-04-05,,20
"Beak, Kimberly  ",10023,1,1,,2,5,4,,70131,,20,"Production Technician II",MA,2145,2066-04-17,F,Married,"US Citizen",No,White,2016-07-21,,N/A-StillEmployed,Active,"Production       ","Kelley Spirea",18,"Employee Referral",Exceeds,4.4,3,,2019-01-14,,16
"Beatrice, Courtney ",10055,,,,1,5,3,,59026,,19,"Production Technician I",MA,1915,1970-10-27,F,Single,"Eligible NonCitizen",No,White,2011-04-04,,N/A-StillEmployed,Active,"Production       ","Elijiah Gray",16,"Google Search","Fully Meets",5,5,,2019-01-14,,12
"Becker, Renee",10245,,,,4,3,3,,110000,1,8,"Database Administrator",MA,2026,1986-04-04,F,Single,"US Citizen",Yes,White,2014-07-07,2015-09-12,performance,"Terminated for Cause",IT/IS,"Simon Roup",4,"Google Search","Fully Meets",4.5,4,5,2015-01-15,,8
"Becker, Scott",10277,,,1,3,5,3,,53250,,19,"Production Technician I",MA,2452,1979-04-06,"M ",Single,"US Citizen",No,Asian,2013-07-08,,N/A-StillEmployed,Active,"Production       ","Webster Butler",,LinkedIn,"Fully Meets",4.2,4,,2019-01-11,,13
"Bernstein, Sean",10046,,,1,1,5,3,,51044,,19,"Production Technician I",MA,2072,1970-12-22,"M ",Single,"US Citizen",Yes,White,2012-04-02,,N/A-StillEmployed,Active,"Production       ","Amy Dunn",11,"Google Search","Fully Meets",5,3,,2019-01-14,,13
"Biden, Lowan  M",10226,,2,,1,5,3,,64919,,19,"Production Technician I",MA,2027,2058-12-27,F,Divorced,"US Citizen",No,Asian,2013-08-19,,N/A-StillEmployed,Active,"Production       ","Ketsia Liebig",19,Indeed,"Fully Meets",4.2,3,,2019-01-10,,2
"Billis, Helen",10003,1,1,,1,5,4,,62910,,19,"Production Technician I",MA,2031,1989-09-01,F,Married,"US Citizen",No,White,2014-07-07,,N/A-StillEmployed,Active,"Production       ","Brannon Miller",12,Indeed,Exceeds,5,3,,2019-02-27,,19
"Blount, Dianna",10294,,,,1,5,2,,66441,,20,"Production Technician II",MA,2171,1990-09-21,F,Single,"US Citizen",No,White,2011-04-04,,N/A-StillEmployed,Active,"Production       ","Michael Albert",22,CareerBuilder,"Needs Improvement",2,3,,2019-02-27,2,3
"Bondwell, Betsy",10267,,,,5,5,3,,57815,1,20,"Production Technician II",MA,2210,2067-01-16,F,Single,"US Citizen",No,White,2011-01-10,2014-04-04,"career change","Voluntarily Terminated","Production       ","Elijiah Gray",16,"Google Search","Fully Meets",4.8,5,,2014-03-04,,5
"Booth, Frank",10199,,,1,4,3,3,,103613,1,30,"Enterprise Architect",CT,6033,2064-07-30,"M ",Single,"US Citizen",No,"Black or African American",2014-02-17,2016-02-19,"Learned that he is a gangster","Terminated for Cause",IT/IS,"Simon Roup",4,LinkedIn,"Fully Meets",3.5,5,7,2016-01-10,,2
"Boutwell, Bonalyn",10081,1,1,,1,1,3,1,106367,,26,"Sr. Accountant",MA,2468,1987-04-04,F,Married,"US Citizen",No,"Black or African American",2015-02-16,,N/A-StillEmployed,Active,"Admin Offices","Brandon R. LeBlanc",3,"Diversity Job Fair","Fully Meets",5,4,3,2019-02-18,,4
"Bozzi, Charles",10175,,,1,5,5,3,,74312,1,18,"Production Manager",MA,1901,1970-03-10,"M ",Single,"US Citizen",No,Asian,2013-09-30,2014-08-07,retiring,"Voluntarily Terminated","Production       ","Janet King",2,Indeed,"Fully Meets",3.39,3,,2014-02-20,,14
"Brill, Donna",10177,1,1,,5,5,3,,53492,1,19,"Production Technician I",MA,1701,1990-08-24,F,Married,"US Citizen",No,White,2012-04-02,2013-06-15,"Another position","Voluntarily Terminated","Production       ","David Stanley",14,"Google Search","Fully Meets",3.35,4,,2013-03-04,,6
"Brown, Mia",10238,1,1,,1,1,3,1,63000,,1,"Accountant I",MA,1450,1987-11-24,F,Married,"US Citizen",No,"Black or African American",2008-10-27,,N/A-StillEmployed,Active,"Admin Offices","Brandon R. LeBlanc",1,"Diversity Job Fair","Fully Meets",4.5,2,6,2019-01-15,,14
"Buccheri, Joseph  ",10184,,,1,1,5,3,,65288,,20,"Production Technician II",MA,1013,1983-07-28,"M ",Single,"US Citizen",No,White,2014-09-29,,N/A-StillEmployed,Active,"Production       ","Webster Butler",,"Google Search","Fully Meets",3.19,3,,2019-02-01,,9
"Bugali, Josephine ",10203,,3,,3,5,3,1,64375,,19,"Production Technician I",MA,2043,2069-10-30,F,Separated,"US Citizen",No,"Black or African American",2013-11-11,,N/A-StillEmployed,Active,"Production       ","Kissy Sullivan",20,"Diversity Job Fair","Fully Meets",3.5,5,,2019-01-21,,17
"Bunbury, Jessica",10188,1,1,,5,6,3,,74326,1,3,"Area Sales Manager",VA,21851,2064-06-01,F,Married,"Eligible NonCitizen",No,"Black or African American",2011-08-15,2014-08-02,"Another position","Voluntarily Terminated",Sales,"John Smith",17,"Google Search","Fully Meets",3.14,5,,2013-02-10,1,19
"Burke, Joelle",10107,,,,1,5,3,,63763,,20,"Production Technician II",MA,2148,1980-03-02,F,Single,"US Citizen",No,"Black or African American",2012-03-05,,N/A-StillEmployed,Active,"Production       ","Amy Dunn",11,"Employee Referral","Fully Meets",4.51,4,,2019-02-21,,3
"Burkett, Benjamin ",10181,1,1,1,1,5,3,,62162,,20,"Production Technician II",MA,1890,1977-08-19,"M ",Married,"US Citizen",No,White,2011-04-04,,N/A-StillEmployed,Active,"Production       ","Ketsia Liebig",19,Indeed,"Fully Meets",3.25,5,,2019-01-14,,15
"Cady, Max ",10150,,,1,1,4,3,,77692,,25,"Software Engineering Manager",MA,2184,2066-11-22,"M ",Single,"US Citizen",No,White,2011-08-15,,N/A-StillEmployed,Active,"Software Engineering","Jennifer Zamora",5,"Google Search","Fully Meets",3.84,3,5,2019-01-21,,4
"Candie, Calvin",10001,,,1,1,5,4,,72640,,18,"Production Manager",MA,2169,1983-08-09,"M ",Single,"US Citizen",No,White,2016-01-28,,N/A-StillEmployed,Active,"Production       ","Janet King",2,Indeed,Exceeds,5,3,,2019-02-22,,14
"Carabbio, Judith",10085,,,,1,4,3,,93396,,24,"Software Engineer",MA,2132,1987-04-05,F,Single,"US Citizen",No,White,2013-11-11,,N/A-StillEmployed,Active,"Software Engineering","Alex Sweetwater",10,Indeed,"Fully Meets",4.96,4,6,2019-01-30,,3
"Carey, Michael  ",10115,,,1,1,5,3,,52846,,19,"Production Technician I",MA,1701,1983-02-02,"M ",Single,"US Citizen",No,"Black or African American",2014-03-31,,N/A-StillEmployed,Active,"Production       ","Kelley Spirea",18,LinkedIn,"Fully Meets",4.43,3,,2019-02-01,,14
"Carr, Claudia  N",10082,,,,2,3,3,,100031,,27,"Sr. DBA",MA,1886,1986-06-06,F,Single,"US Citizen",No,"Black or African American",2016-06-30,,N/A-StillEmployed,Active,IT/IS,"Simon Roup",4,LinkedIn,"Fully Meets",5,5,6,2019-02-18,,7
"Carter, Michelle ",10040,,,,1,6,3,,71860,,3,"Area Sales Manager",VT,5664,2063-05-15,F,Single,"US Citizen",No,White,2014-08-18,,N/A-StillEmployed,Active,Sales,"John Smith",17,Indeed,"Fully Meets",5,5,,2019-01-21,,7
"Chace, Beatrice ",10067,,,,1,5,3,,61656,,19,"Production Technician I",MA,2763,2051-01-02,F,Single,"US Citizen",No,White,2014-09-29,,N/A-StillEmployed,Active,"Production       ","Michael Albert",22,"Google Search","Fully Meets",5,4,,2019-02-12,,11
"Champaigne, Brian",10108,1,1,1,1,3,3,,110929,,5,"BI Director",MA,2045,1972-02-09,"M ",Married,"US Citizen",No,White,2016-09-06,,N/A-StillEmployed,Active,IT/IS,"Jennifer Zamora",5,Indeed,"Fully Meets",4.5,5,7,2019-01-15,,8
"Chan, Lin",10210,,,,1,5,3,,54237,,19,"Production Technician I",MA,2170,1979-02-12,F,Single,"US Citizen",No,White,2014-05-12,,N/A-StillEmployed,Active,"Production       ","Elijiah Gray",16,Indeed,"Fully Meets",3.3,4,,2019-02-19,,11
"Chang, Donovan  E",10154,,,1,1,5,3,,60380,,19,"Production Technician I",MA,1845,1983-08-24,"M ",Single,"US Citizen",No,White,2013-07-08,,N/A-StillEmployed,Active,"Production       ","Webster Butler",,LinkedIn,"Fully Meets",3.8,5,,2019-01-14,,4
"Chigurh, Anton",10200,,,1,1,6,3,,66808,,3,"Area Sales Manager",TX,78207,1970-06-11,"M ",Single,"Eligible NonCitizen",No,"Black or African American",2012-05-14,,N/A-StillEmployed,Active,Sales,"Lynn Daneault",21,"Employee Referral","Fully Meets",3,5,,2019-01-19,,17
"Chivukula, Enola",10240,,,,5,5,3,,64786,1,19,"Production Technician I",MA,1775,1983-08-27,F,Single,"US Citizen",No,White,2011-06-27,2015-11-15,"relocation out of area","Voluntarily Terminated","Production       ","Amy Dunn",11,Indeed,"Fully Meets",4.3,4,,2015-03-10,,3
"Cierpiszewski, Caroline  ",10168,,,,1,5,3,,64816,,19,"Production Technician I",MA,2044,1988-05-31,F,Single,Non-Citizen,No,"Black or African American",2011-10-03,,N/A-StillEmployed,Active,"Production       ","Ketsia Liebig",19,Indeed,"Fully Meets",3.58,5,,2019-01-30,,3
"Clayton, Rick",10220,,,1,1,3,3,,68678,,14,"IT Support",MA,2170,1985-09-05,"M ",Single,"US Citizen",No,White,2012-09-05,,N/A-StillEmployed,Active,IT/IS,"Eric Dougall",6,Indeed,"Fully Meets",4.7,3,6,2019-02-27,,2
"Cloninger, Jennifer",10275,1,1,,5,5,3,,64066,1,20,"Production Technician II",MA,1752,1981-08-31,F,Married,"US Citizen",No,White,2011-05-16,2013-01-07,unhappy,"Voluntarily Terminated","Production       ","Brannon Miller",12,"Google Search","Fully Meets",4.2,5,,2012-05-03,,9
"Close, Phil",10269,1,1,1,5,5,3,,59369,1,20,"Production Technician II",MA,2169,1978-11-25,"M ",Married,"US Citizen",No,White,2010-08-30,2011-09-26,"career change","Voluntarily Terminated","Production       ","David Stanley",14,Indeed,"Fully Meets",4.2,4,,2011-05-04,,6
"Clukey, Elijian",10029,1,1,1,2,5,4,,50373,,19,"Production Technician I",MA,2134,1980-08-26,"M ",Married,"US Citizen",No,White,2016-07-06,,N/A-StillEmployed,Active,"Production       ","Brannon Miller",12,"Employee Referral",Exceeds,4.1,4,,2019-02-28,,5
"Cockel, James",10261,,,1,1,5,3,,63108,,19,"Production Technician I",MA,2452,1977-09-08,"M ",Single,"US Citizen",No,White,2013-07-08,,N/A-StillEmployed,Active,"Production       ","David Stanley",14,"Employee Referral","Fully Meets",4.4,5,,2019-01-14,,3
"Cole, Spencer",10292,,,1,4,5,2,,59144,1,19,"Production Technician I",MA,1880,1979-08-12,"M ",Single,"US Citizen",No,"Black or African American",2011-07-11,2016-09-23,performance,"Terminated for Cause","Production       ","Kissy Sullivan",20,LinkedIn,"Needs Improvement",2,3,,2016-05-01,5,16
"Corleone, Michael",10282,,2,1,1,5,2,,68051,,18,"Production Manager",MA,1803,1975-12-17,"M ",Divorced,"US Citizen",No,White,2010-07-20,,N/A-StillEmployed,Active,"Production       ","Janet King",2,CareerBuilder,"Needs Improvement",4.13,2,,2019-01-14,3,3
"Corleone, Vito",10019,,,1,1,5,4,,170500,,10,"Director of Operations",MA,2030,1983-03-19,"M ",Single,"US Citizen",No,"Black or African American",2009-01-05,,N/A-StillEmployed,Active,"Production       ","Janet King",2,Indeed,Exceeds,3.7,5,,2019-02-04,,15
"Cornett, Lisa ",10094,1,1,,1,5,3,,63381,,19,"Production Technician I",MA,2189,1977-03-31,F,Married,"US Citizen",Yes,White,2015-01-05,,N/A-StillEmployed,Active,"Production       ","Kelley Spirea",18,Indeed,"Fully Meets",4.73,5,,2019-02-14,,6
"Costello, Frank",10193,1,1,1,1,3,3,,83552,,9,"Data Analyst",MA,1810,1986-08-26,"M ",Married,"US Citizen",No,White,2015-03-30,,N/A-StillEmployed,Active,IT/IS,"Simon Roup",4,Indeed,"Fully Meets",3.04,3,6,2019-01-22,,2
"Crimmings,   Jean",10132,,,,2,5,3,,56149,,19,"Production Technician I",MA,1821,1987-04-10,F,Single,"US Citizen",No,White,2016-07-06,,N/A-StillEmployed,Active,"Production       ","Michael Albert",22,LinkedIn,"Fully Meets",4.12,5,,2019-01-28,,15
"Cross, Noah",10083,,,1,1,3,3,,92329,,28,"Sr. Network Engineer",CT,6278,2065-09-09,"M ",Single,"US Citizen",No,White,2014-11-10,,N/A-StillEmployed,Active,IT/IS,"Peter Monroe",7,"Employee Referral","Fully Meets",5,3,4,2019-01-02,,5
"Daneault, Lynn",10099,,,,1,6,3,,65729,,21,"Sales Manager",VT,5473,1990-04-19,F,Single,"US Citizen",No,White,2014-05-05,,N/A-StillEmployed,Active,Sales,"Debra Houlihan",15,Indeed,"Fully Meets",4.62,4,,2019-01-24,,8
"Daniele, Ann  ",10212,1,1,,3,3,3,,85028,,28,"Sr. Network Engineer",CT,6033,2052-01-18,F,Married,"US Citizen",No,White,2014-11-10,,N/A-StillEmployed,Active,IT/IS,"Peter Monroe",7,LinkedIn,"Fully Meets",3.1,5,8,2019-02-12,,19
"Darson, Jene'ya ",10056,1,1,,1,5,3,,57583,,19,"Production Technician I",MA,2110,1978-11-05,F,Married,"US Citizen",No,White,2012-07-02,,N/A-StillEmployed,Active,"Production       ","Elijiah Gray",16,Indeed,"Fully Meets",5,3,,2019-02-25,,1
"Davis, Daniel",10143,,,1,1,5,3,,56294,,20,"Production Technician II",MA,2458,1979-09-14,"M ",Single,"Eligible NonCitizen",No,"Two or more races",2011-11-07,,N/A-StillEmployed,Active,"Production       ","Kissy Sullivan",20,LinkedIn,"Fully Meets",3.96,4,,2019-02-27,,6
"Dee, Randy",10311,1,1,1,1,6,1,,56991,,19,"Production Technician I",MA,2138,1988-04-15,"M ",Married,"US Citizen",No,White,2018-07-09,,N/A-StillEmployed,Active,"Production       ","Brannon Miller",12,Indeed,"Fully Meets",4.3,4,3,2019-01-31,2,2
"DeGweck,  James",10070,1,1,1,5,5,3,,55722,1,19,"Production Technician I",MA,1810,1977-10-31,"M ",Married,"US Citizen",No,White,2011-05-16,2016-06-08,unhappy,"Voluntarily Terminated","Production       ","Webster Butler",39,Indeed,"Fully Meets",5,4,,2016-04-02,,14
"Del Bosque, Keyla",10155,,,,1,4,3,,101199,,24,"Software Engineer",MA,2176,1979-07-05,F,Single,"US Citizen",No,"Black or African American",2012-01-09,,N/A-StillEmployed,Active,"Software Engineering","Alex Sweetwater",10,CareerBuilder,"Fully Meets",3.79,5,5,2019-01-25,,8
"Delarge, Alex",10306,,,1,1,6,1,,61568,,3,"Area Sales Manager",AL,36006,1975-11-02,"M ",Single,"US Citizen",No,"Two or more races",2014-09-29,,N/A-StillEmployed,Active,Sales,"John Smith",17,Indeed,PIP,1.93,3,,2019-01-30,6,5
"Demita, Carla",10100,,3,,5,5,3,,58275,1,20,"Production Technician II",MA,2343,2051-02-25,F,Separated,"US Citizen",No,"Black or African American",2011-04-04,2015-11-04,"more money","Voluntarily Terminated","Production       ","Kelley Spirea",18,"Google Search","Fully Meets",4.62,5,,2015-05-06,,1
"Desimone, Carl ",10310,1,1,1,1,5,1,,53189,,19,"Production Technician I",MA,2061,2067-04-19,"M ",Married,"US Citizen",No,White,2014-07-07,,N/A-StillEmployed,Active,"Production       ","Amy Dunn",11,Indeed,PIP,1.12,2,,2019-01-31,4,9
"DeVito, Tommy",10197,,,1,1,3,3,,96820,,4,"BI Developer",MA,2045,1983-09-04,"M ",Single,"US Citizen",No,White,2017-02-15,,N/A-StillEmployed,Active,IT/IS,"Brian Champaigne",13,Indeed,"Fully Meets",3.01,5,7,2019-01-23,,15
"Dickinson, Geoff ",10276,,,1,1,5,3,,51259,,19,"Production Technician I",MA,2180,1982-11-15,"M ",Single,"US Citizen",No,White,2014-05-12,,N/A-StillEmployed,Active,"Production       ","Ketsia Liebig",19,Indeed,"Fully Meets",4.3,4,,2019-02-19,,1
"Dietrich, Jenna  ",10304,,,,1,6,1,,59231,,3,"Area Sales Manager",WA,98052,1987-05-14,F,Single,"US Citizen",Yes,White,2012-02-20,,N/A-StillEmployed,Active,Sales,"John Smith",17,Website,PIP,2.3,1,,2019-01-29,2,17
"DiNocco, Lily ",10284,1,1,,1,5,2,,61584,,19,"Production Technician I",MA,2351,1978-12-02,F,Married,"US Citizen",No,"Black or African American",2013-01-07,,N/A-StillEmployed,Active,"Production       ","Brannon Miller",12,Indeed,"Needs Improvement",3.88,4,,2019-01-18,,6
"Dobrin, Denisa  S",10207,,,,1,5,3,,46335,,19,"Production Technician I",MA,2125,1986-10-07,F,Single,"US Citizen",Yes,White,2012-04-02,,N/A-StillEmployed,Active,"Production       ","David Stanley",14,CareerBuilder,"Fully Meets",3.4,5,,2019-02-19,,15
"Dolan, Linda",10133,1,1,,1,3,3,,70621,,14,"IT Support",MA,2119,1988-07-18,F,Married,"US Citizen",No,White,2015-01-05,,N/A-StillEmployed,Active,IT/IS,"Peter Monroe",7,"Employee Referral","Fully Meets",4.11,4,6,2019-02-25,,16
"Dougall, Eric",10028,,,1,1,3,4,,138888,,13,"IT Manager - Support",MA,1886,1970-07-09,"M ",Single,"US Citizen",No,"Black or African American",2014-01-05,,N/A-StillEmployed,Active,IT/IS,"Jennifer Zamora",5,Indeed,Exceeds,4.3,5,5,2019-01-04,,4
"Driver, Elle",10006,,,,1,6,4,,74241,,3,"Area Sales Manager",CA,90007,1988-11-08,F,Single,"US Citizen",No,White,2011-01-10,,N/A-StillEmployed,Active,Sales,"Lynn Daneault",21,Indeed,Exceeds,4.77,5,,2019-01-27,,14
"Dunn, Amy  ",10105,,,,1,5,3,,75188,,18,"Production Manager",MA,1731,1973-11-28,F,Single,"US Citizen",No,White,2014-09-18,,N/A-StillEmployed,Active,"Production       ","Janet King",2,"Google Search","Fully Meets",4.52,4,,2019-01-15,,4
"Dunne, Amy",10211,1,1,,1,5,3,,62514,,19,"Production Technician I",MA,1749,1973-09-23,F,Married,"US Citizen",No,White,2010-04-26,,N/A-StillEmployed,Active,"Production       ","Ketsia Liebig",19,"Google Search","Fully Meets",2.9,3,,2019-01-21,,6
"Eaton, Marianne",10064,1,1,,5,5,3,,60070,1,19,"Production Technician I",MA,2343,1991-09-05,F,Married,"US Citizen",No,White,2011-04-04,2017-06-06,military,"Voluntarily Terminated","Production       ","Kissy Sullivan",20,"Google Search","Fully Meets",5,3,,2017-04-09,,7
"Engdahl, Jean",10247,,,1,1,5,3,,48888,,19,"Production Technician I",MA,2026,1974-05-31,"M ",Single,"US Citizen",No,White,2014-11-10,,N/A-StillEmployed,Active,"Production       ","Kelley Spirea",18,LinkedIn,"Fully Meets",4.7,5,,2019-02-13,,8
"England, Rex",10235,1,1,1,1,5,3,,54285,,19,"Production Technician I",MA,2045,1978-08-25,"M ",Married,"US Citizen",No,White,2014-03-31,,N/A-StillEmployed,Active,"Production       ","Kelley Spirea",18,"Employee Referral","Fully Meets",4.2,3,,2019-01-11,,3
"Erilus, Angela",10299,,3,,1,5,1,,56847,,20,"Production Technician II",MA,2133,1989-08-25,F,Separated,"US Citizen",No,White,2014-07-07,,N/A-StillEmployed,Active,"Production       ","Michael Albert",22,Indeed,PIP,3,1,,2019-02-25,2,5
"Estremera, Miguel",10280,,,1,4,5,2,,60340,1,19,"Production Technician I",MA,2129,1983-09-02,"M ",Single,"US Citizen",No,White,2012-04-02,2018-09-27,attendance,"Terminated for Cause","Production       ","Michael Albert",22,"Google Search","Needs Improvement",5,4,,2018-04-12,5,16
"Evensen, April",10296,,,,4,5,2,,59124,1,19,"Production Technician I",MA,2458,1989-05-06,F,Single,"US Citizen",No,White,2014-02-17,2018-02-25,"no-call, no-show","Terminated for Cause","Production       ","Elijiah Gray",16,"Google Search","Needs Improvement",2.3,3,,2017-01-15,5,19
"Exantus, Susan",10290,1,1,,4,4,2,,99280,1,24,"Software Engineer",MA,1749,1987-05-15,F,Married,"US Citizen",No,"Black or African American",2011-05-02,2013-06-05,attendance,"Terminated for Cause","Software Engineering","Alex Sweetwater",10,Indeed,"Needs Improvement",2.1,5,4,2012-08-10,4,19
"Faller, Megan ",10263,1,1,,1,5,3,,71776,,20,"Production Technician II",MA,1824,1978-09-22,F,Married,"US Citizen",No,"Black or African American",2014-07-07,,N/A-StillEmployed,Active,"Production       ","Elijiah Gray",16,LinkedIn,"Fully Meets",4.4,5,,2019-02-22,,17
"Fancett, Nicole",10136,,,,1,5,3,,65902,,20,"Production Technician II",MA,2324,1987-09-27,F,Single,"US Citizen",No,"Black or African American",2014-02-17,,N/A-StillEmployed,Active,"Production       ","Webster Butler",,LinkedIn,"Fully Meets",4,4,,2019-01-07,,7
"Ferguson, Susan",10189,1,1,,5,5,3,,57748,1,19,"Production Technician I",MA,2176,2055-04-14,F,Married,"US Citizen",No,White,2011-11-07,2016-05-17,military,"Voluntarily Terminated","Production       ","Webster Butler",39,"Google Search","Fully Meets",3.13,3,,2016-02-04,,16
"Fernandes, Nilson  ",10308,1,1,1,1,5,1,,64057,,19,"Production Technician I",MA,2132,1989-10-18,"M ",Married,"US Citizen",No,White,2015-05-11,,N/A-StillEmployed,Active,"Production       ","Amy Dunn",11,Indeed,PIP,1.56,5,,2019-01-03,6,15
"Fett, Boba",10309,,,1,1,3,1,,53366,,15,"Network Engineer",MA,2138,1987-06-18,"M ",Single,"US Citizen",No,White,2015-03-30,,N/A-StillEmployed,Active,IT/IS,"Peter Monroe",7,LinkedIn,PIP,1.2,3,6,2019-02-04,3,2
"Fidelia,  Libby",10049,1,1,,1,5,3,,58530,,19,"Production Technician I",MA,2155,1981-03-16,F,Married,"US Citizen",No,White,2012-01-09,,N/A-StillEmployed,Active,"Production       ","Brannon Miller",12,"Google Search","Fully Meets",5,5,,2019-01-29,,19
"Fitzpatrick, Michael  J",10093,,,1,5,5,3,,72609,1,20,"Production Technician II",MA,2143,1981-10-01,"M ",Single,"US Citizen",Yes,White,2011-05-16,2013-06-24,hours,"Voluntarily Terminated","Production       ","Amy Dunn",11,"Google Search","Fully Meets",4.76,5,,2013-04-05,,20
"Foreman, Tanya",10163,1,1,,5,5,3,,55965,1,20,"Production Technician II",MA,2170,1983-11-08,F,Married,"US Citizen",No,White,2011-04-04,2013-01-09,"career change","Voluntarily Terminated","Production       ","Ketsia Liebig",19,"Google Search","Fully Meets",3.66,3,,2012-01-07,,6
"Forrest, Alex",10305,1,1,1,1,6,3,,70187,1,3,"Area Sales Manager",MA,2330,1975-07-07,"M ",Married,"US Citizen",No,White,2014-09-29,2018-08-19,"Fatal attraction","Terminated for Cause",Sales,"Lynn Daneault",21,"Employee Referral",PIP,2,5,,2019-01-28,4,7
"Foss, Jason",10015,,,1,1,3,4,,178000,,12,"IT Director",MA,1460,1980-07-05,"M ",Single,"US Citizen",No,"Black or African American",2011-04-15,,N/A-StillEmployed,Active,IT/IS,"Jennifer Zamora",5,Indeed,Exceeds,5,5,5,2019-01-07,,15
"Foster-Baker, Amy",10080,1,1,,1,1,3,,99351,,26,"Sr. Accountant",MA,2050,1979-04-16,F,Married,"US Citizen",no,White,2009-01-05,,N/A-StillEmployed,Active,"Admin Offices","Board of Directors",9,Other,"Fully Meets",5,3,2,2019-02-08,,3
"Fraval, Maruk ",10258,,,1,1,6,3,,67251,,3,"Area Sales Manager",CT,6050,2063-08-28,"M ",Single,"US Citizen",No,"Black or African American",2011-09-06,,N/A-StillEmployed,Active,Sales,"Lynn Daneault",21,CareerBuilder,"Fully Meets",4.3,3,,2019-01-27,2,7
"Galia, Lisa",10273,,,,1,3,3,,65707,,14,"IT Support",CT,6040,2068-07-06,F,Single,"US Citizen",No,White,2010-05-01,,N/A-StillEmployed,Active,IT/IS,"Eric Dougall",6,LinkedIn,"Fully Meets",4.7,4,5,2019-02-01,,1
"Garcia, Raul",10111,,,1,1,5,3,,52249,,19,"Production Technician I",MA,1905,1985-09-15,"M ",Single,"US Citizen",Yes,White,2015-03-30,,N/A-StillEmployed,Active,"Production       ","David Stanley",14,"Employee Referral","Fully Meets",4.5,3,,2019-02-18,,5
"Gaul, Barbara",10257,,,,1,5,3,,53171,,19,"Production Technician I",MA,2121,1983-12-02,F,Single,"US Citizen",Yes,"Black or African American",2011-05-16,,N/A-StillEmployed,Active,"Production       ","Kelley Spirea",18,LinkedIn,"Fully Meets",4.2,4,,2019-02-26,,12
"Gentry, Mildred",10159,1,1,,1,5,3,,51337,,19,"Production Technician I",MA,2145,1990-10-01,F,Married,"US Citizen",No,"Black or African American",2015-03-30,,N/A-StillEmployed,Active,"Production       ","Michael Albert",22,LinkedIn,"Fully Meets",3.73,3,,2019-01-16,,19
"Gerke, Melisa",10122,,2,,5,5,3,1,51505,1,19,"Production Technician I",MA,2330,1970-05-15,F,Divorced,"US Citizen",No,"Black or African American",2011-11-07,2016-11-15,hours,"Voluntarily Terminated","Production       ","Elijiah Gray",16,"Diversity Job Fair","Fully Meets",4.24,4,,2016-04-29,,2
"Gill, Whitney  ",10142,,4,,4,6,3,,59370,1,3,"Area Sales Manager",OH,43050,1971-07-10,F,Widowed,"US Citizen",No,"Black or African American",2014-07-07,2015-09-05,attendance,"Terminated for Cause",Sales,"John Smith",17,CareerBuilder,"Fully Meets",3.97,4,,2014-01-15,,7
"Gilles, Alex",10283,1,1,1,5,5,2,1,54933,1,19,"Production Technician I",MA,2062,1974-08-09,"M ",Married,"US Citizen",No,"Black or African American",2012-04-02,2015-06-25,military,"Voluntarily Terminated","Production       ","Webster Butler",39,"Diversity Job Fair","Needs Improvement",3.97,4,,2015-01-20,3,15
"Girifalco, Evelyn",10018,,,,1,5,4,,57815,,19,"Production Technician I",MA,2451,1980-05-08,F,Single,"US Citizen",Yes,"Two or more races",2014-09-29,,N/A-StillEmployed,Active,"Production       ","Amy Dunn",11,Indeed,Exceeds,3.9,4,,2019-02-07,,3
"Givens, Myriam",10255,,,,1,6,3,,61555,,3,"Area Sales Manager",IN,46204,1989-09-22,F,Single,"US Citizen",No,White,2015-02-16,,N/A-StillEmployed,Active,Sales,"Lynn Daneault",21,Indeed,"Fully Meets",4.5,5,,2019-01-25,,20
"Goble, Taisha",10246,,,,4,3,3,,114800,1,8,"Database Administrator",MA,2127,1971-10-23,F,Single,"US Citizen",No,White,2015-02-16,2015-03-15,"no-call, no-show","Terminated for Cause",IT/IS,"Simon Roup",4,Indeed,"Fully Meets",4.6,4,4,2015-01-20,,10
"Goeth, Amon",10228,1,1,1,1,3,3,,74679,,14,"IT Support",MA,2135,1989-11-24,"M ",Married,"US Citizen",Yes,White,2015-03-30,,N/A-StillEmployed,Active,IT/IS,"Peter Monroe",7,LinkedIn,"Fully Meets",4.3,5,7,2019-01-10,,20
"Gold, Shenice  ",10243,,,,1,5,3,,53018,,19,"Production Technician I",MA,2451,1992-06-18,F,Single,"US Citizen",Yes,White,2013-11-11,,N/A-StillEmployed,Active,"Production       ","Ketsia Liebig",19,Indeed,"Fully Meets",4.3,5,,2019-02-18,,7
"Gonzalez, Cayo",10031,,2,1,1,5,4,1,59892,,19,"Production Technician I",MA,2108,2069-09-29,"M ",Divorced,"US Citizen",No,"Black or African American",2011-07-11,,N/A-StillEmployed,Active,"Production       ","Brannon Miller",12,"Diversity Job Fair",Exceeds,4.5,4,,2019-02-18,,1
"Gonzalez, Juan",10300,1,1,1,5,5,1,1,68898,1,20,"Production Technician II",MA,2128,2064-10-12,"M ",Married,"US Citizen",No,"Black or African American",2010-04-26,2011-05-30,"career change","Voluntarily Terminated","Production       ","Brannon Miller",12,"Diversity Job Fair",PIP,3,3,,2011-03-06,3,10
"Gonzalez, Maria",10101,,3,,1,3,3,,61242,,14,"IT Support",MA,2472,1981-04-16,F,Separated,"US Citizen",Yes,White,2015-01-05,,N/A-StillEmployed,Active,IT/IS,"Peter Monroe",7,"Employee Referral","Fully Meets",4.61,4,5,2019-01-28,,11
"Good, Susan",10237,1,1,,3,5,3,,66825,,20,"Production Technician II",MA,1886,1986-05-25,F,Married,"US Citizen",No,White,2014-05-12,,N/A-StillEmployed,Active,"Production       ","David Stanley",14,LinkedIn,"Fully Meets",4.6,3,,2019-02-07,,20
"Gordon, David",10051,1,1,1,1,5,3,,48285,,19,"Production Technician I",MA,2169,1979-05-21,"M ",Married,"US Citizen",No,White,2012-07-02,,N/A-StillEmployed,Active,"Production       ","David Stanley",14,LinkedIn,"Fully Meets",5,3,,2019-01-14,,2
"Gosciminski, Phylicia  ",10218,,3,,3,5,3,,66149,,20,"Production Technician II",MA,1824,1983-12-08,F,Separated,"US Citizen",No,"American Indian or Alaska Native",2013-09-30,,N/A-StillEmployed,Active,"Production       ","Kissy Sullivan",20,"Google Search","Fully Meets",4.4,5,,2019-02-21,,1
"Goyal, Roxana",10256,1,1,,3,5,3,,49256,,19,"Production Technician I",MA,1864,1974-10-09,F,Married,"US Citizen",No,Asian,2013-08-19,,N/A-StillEmployed,Active,"Production       ","Kissy Sullivan",20,LinkedIn,"Fully Meets",4.1,5,,2019-02-15,,3
"Gray, Elijiah  ",10098,,2,1,1,5,3,,62957,,18,"Production Manager",MA,1752,1981-07-11,"M ",Divorced,"US Citizen",No,White,2015-06-02,,N/A-StillEmployed,Active,"Production       ","Janet King",2,"Employee Referral","Fully Meets",4.63,3,,2019-01-04,,2
"Gross, Paula",10059,,2,,5,5,3,,63813,1,19,"Production Technician I",MA,2176,1983-05-21,F,Divorced,"US Citizen",No,White,2011-02-21,2014-01-11,"more money","Voluntarily Terminated","Production       ","Kelley Spirea",18,CareerBuilder,"Fully Meets",5,5,,2013-06-03,,17
"Gruber, Hans",10234,1,1,1,1,3,3,,99020,,4,"BI Developer",MA,2134,1989-06-30,"M ",Married,"US Citizen",No,"Black or African American",2017-04-20,,N/A-StillEmployed,Active,IT/IS,"Brian Champaigne",13,Indeed,"Fully Meets",4.2,5,5,2019-01-28,,8
"Guilianno, Mike",10109,,,1,5,6,3,,71707,1,3,"Area Sales Manager",TN,37129,2069-02-09,"M ",Single,"US Citizen",No,"Two or more races",2012-03-07,2014-10-31,"relocation out of area","Voluntarily Terminated",Sales,"John Smith",17,LinkedIn,"Fully Meets",4.5,5,,2013-02-01,,20
"Handschiegl, Joanne",10125,1,1,,1,5,3,,54828,,19,"Production Technician I",MA,2127,1977-03-23,F,Married,"US Citizen",No,White,2011-11-28,,N/A-StillEmployed,Active,"Production       ","Michael Albert",22,"Google Search","Fully Meets",4.2,4,,2019-02-22,,13
"Hankard, Earnest",10074,,,1,1,5,3,,64246,,20,"Production Technician II",MA,2155,1988-08-10,"M ",Single,"US Citizen",Yes,White,2013-11-11,,N/A-StillEmployed,Active,"Production       ","Kelley Spirea",18,LinkedIn,"Fully Meets",5,3,,2019-01-08,,20
"Harrington, Christie ",10097,,,,5,5,3,,52177,1,19,"Production Technician I",MA,2324,2052-08-18,F,Single,"US Citizen",No,White,2012-01-09,2015-12-15,retiring,"Voluntarily Terminated","Production       ","Webster Butler",39,CareerBuilder,"Fully Meets",4.64,4,,2015-05-02,,8
"Harrison, Kara",10007,1,1,,1,5,4,,62065,,19,"Production Technician I",MA,1886,1974-05-02,F,Married,"US Citizen",No,White,2014-05-12,,N/A-StillEmployed,Active,"Production       ","Amy Dunn",11,CareerBuilder,Exceeds,4.76,4,,2019-02-15,,5
"Heitzman, Anthony",10129,,,1,1,5,3,,46998,,19,"Production Technician I",MA,2149,1984-01-04,"M ",Single,"US Citizen",No,White,2012-08-13,,N/A-StillEmployed,Active,"Production       ","Ketsia Liebig",19,"Google Search","Fully Meets",4.17,4,,2019-02-11,,1
"Hendrickson, Trina",10075,,,,5,5,3,,68099,1,20,"Production Technician II",MA,2021,1972-08-27,F,Single,"US Citizen",No,White,2011-01-10,2013-06-18,hours,"Voluntarily Terminated","Production       ","Kelley Spirea",18,CareerBuilder,"Fully Meets",5,3,,2013-01-30,,15
"Hitchcock, Alfred",10167,1,1,1,1,6,3,,70545,,3,"Area Sales Manager",NH,3062,1988-09-14,"M ",Married,"US Citizen",No,"American Indian or Alaska Native",2014-08-18,,N/A-StillEmployed,Active,Sales,"John Smith",17,Indeed,"Fully Meets",3.6,5,,2019-01-30,,9
"Homberger, Adrienne  J",10195,1,1,,5,5,3,,63478,1,20,"Production Technician II",MA,2445,1984-02-16,F,Married,Non-Citizen,No,White,2011-08-15,2012-04-07,"relocation out of area","Voluntarily Terminated","Production       ","Michael Albert",30,Indeed,"Fully Meets",3.03,5,,2012-03-05,,16
"Horton, Jayne",10112,,,,1,3,3,,97999,,8,"Database Administrator",MA,2493,1984-02-21,F,Single,"US Citizen",No,White,2015-03-30,,N/A-StillEmployed,Active,IT/IS,"Simon Roup",4,Indeed,"Fully Meets",4.48,5,6,2019-01-03,,4
"Houlihan, Debra",10272,1,1,,1,6,3,,180000,,11,"Director of Sales",RI,2908,2066-03-17,F,Married,"US Citizen",No,White,2014-05-05,,N/A-StillEmployed,Active,Sales,"Janet King",2,LinkedIn,"Fully Meets",4.5,4,,2019-01-21,,19
"Howard, Estelle",10182,1,1,,1,1,3,,49920,1,2,"Administrative Assistant",MA,2170,1985-09-16,F,Married,"US Citizen",No,"Black or African American",2015-02-16,2015-04-15,"no-call, no-show","Terminated for Cause","Admin Offices","Brandon R. LeBlanc",1,Indeed,"Fully Meets",3.24,3,4,2015-04-15,,6
"Hudson, Jane",10248,,,,1,5,3,,55425,,19,"Production Technician I",MA,2176,1986-06-10,F,Single,"US Citizen",No,White,2012-02-20,,N/A-StillEmployed,Active,"Production       ","Ketsia Liebig",19,LinkedIn,"Fully Meets",4.8,4,,2019-01-07,,4
"Hunts, Julissa",10201,,,,2,5,3,,69340,,20,"Production Technician II",MA,2021,1984-03-11,F,Single,"US Citizen",No,White,2016-06-06,,N/A-StillEmployed,Active,"Production       ","Elijiah Gray",16,LinkedIn,"Fully Meets",3,5,,2019-01-18,,4
"Hutter, Rosalie",10214,,3,,2,5,3,,64995,,20,"Production Technician II",MA,2351,1992-05-07,F,Separated,"US Citizen",No,White,2015-06-05,,N/A-StillEmployed,Active,"Production       ","Webster Butler",,Indeed,"Fully Meets",4.5,3,,2019-02-14,,6
"Huynh, Ming",10160,,2,,5,5,3,,68182,1,20,"Production Technician II",MA,1742,1976-09-22,F,Divorced,"US Citizen",No,White,2011-02-21,2013-04-01,unhappy,"Voluntarily Terminated","Production       ","Amy Dunn",11,"Google Search","Fully Meets",3.72,3,,2013-02-01,,18
"Immediato, Walter",10289,1,1,1,5,5,2,,83082,1,18,"Production Manager",MA,2128,1976-11-15,"M ",Married,"US Citizen",No,Asian,2011-02-21,2012-09-24,unhappy,"Voluntarily Terminated","Production       ","Janet King",2,Indeed,"Needs Improvement",2.34,2,,2012-04-12,3,4
"Ivey, Rose ",10139,,,,1,5,3,,51908,,19,"Production Technician I",MA,1775,1991-01-28,F,Single,"US Citizen",No,White,2013-08-19,,N/A-StillEmployed,Active,"Production       ","Brannon Miller",12,Indeed,"Fully Meets",3.99,3,,2019-01-14,,14
"Jackson, Maryellen",10227,,,,1,5,3,,61242,,19,"Production Technician I",MA,2081,1972-09-11,F,Single,"US Citizen",No,"Black or African American",2012-11-05,,N/A-StillEmployed,Active,"Production       ","David Stanley",14,LinkedIn,"Fully Meets",4.1,3,,2019-01-17,,7
"Jacobi, Hannah  ",10236,,2,,1,5,3,,45069,,19,"Production Technician I",MA,1778,2066-03-22,F,Divorced,"US Citizen",No,White,2013-09-30,,N/A-StillEmployed,Active,"Production       ","Kissy Sullivan",20,"Employee Referral","Fully Meets",4.3,5,,2019-02-22,,7
"Jeannite, Tayana",10009,,2,,1,5,4,,60724,,20,"Production Technician II",MA,1821,1986-11-06,F,Divorced,"US Citizen",No,"American Indian or Alaska Native",2011-07-05,,N/A-StillEmployed,Active,"Production       ","Ketsia Liebig",19,LinkedIn,Exceeds,4.6,4,,2019-02-25,,11
"Jhaveri, Sneha  ",10060,,3,,1,5,3,,60436,,19,"Production Technician I",MA,2109,2064-04-13,F,Separated,"US Citizen",No,White,2014-01-06,,N/A-StillEmployed,Active,"Production       ","Kelley Spirea",18,LinkedIn,"Fully Meets",5,5,,2019-01-21,,9
"Johnson, George",10034,1,1,1,5,5,4,,46837,1,19,"Production Technician I",MA,2445,2059-08-19,"M ",Married,"US Citizen",No,White,2011-11-07,2018-04-29,"more money","Voluntarily Terminated","Production       ","Michael Albert",22,CareerBuilder,Exceeds,4.7,4,,2018-02-14,,9
"Johnson, Noelle ",10156,1,1,,3,3,3,,105700,,8,"Database Administrator",MA,2301,1986-11-07,F,Married,"US Citizen",No,Asian,2015-01-05,,N/A-StillEmployed,Active,IT/IS,"Simon Roup",4,Indeed,"Fully Meets",3.75,3,5,2019-02-11,,2
"Johnston, Yen",10036,,,,1,5,4,,63322,,20,"Production Technician II",MA,2128,2069-09-08,F,Single,"US Citizen",No,White,2014-07-07,,N/A-StillEmployed,Active,"Production       ","Brannon Miller",12,LinkedIn,Exceeds,4.3,3,,2019-01-11,,1
"Jung, Judy  ",10138,1,1,,5,5,3,,61154,1,19,"Production Technician I",MA,2446,1986-04-17,F,Married,"US Citizen",No,"Black or African American",2011-01-10,2016-04-01,unhappy,"Voluntarily Terminated","Production       ","Elijiah Gray",16,CareerBuilder,"Fully Meets",4,4,,2016-02-03,,4
"Kampew, Donysha",10244,,,,5,6,3,,68999,1,21,"Sales Manager",PA,19444,1989-11-11,F,Single,"US Citizen",No,White,2011-11-07,2014-04-24,"maternity leave - did not return","Voluntarily Terminated",Sales,"Debra Houlihan",15,"Google Search","Fully Meets",4.5,5,,2013-03-30,,2
"Keatts, Kramer ",10192,,,1,1,5,3,,50482,,19,"Production Technician I",MA,1887,1976-01-19,"M ",Single,"US Citizen",No,White,2013-09-30,,N/A-StillEmployed,Active,"Production       ","Michael Albert",22,Indeed,"Fully Meets",3.07,4,,2019-01-23,,10
"Khemmich, Bartholemew",10231,,,1,1,6,3,,65310,,3,"Area Sales Manager",CO,80820,1979-11-27,"M ",Single,"US Citizen",No,White,2013-08-19,,N/A-StillEmployed,Active,Sales,"Lynn Daneault",21,Indeed,"Fully Meets",4.3,5,,2019-01-22,,13
"King, Janet",10089,1,1,,1,2,3,,250000,,16,"President & CEO",MA,1902,2054-09-21,F,Married,"US Citizen",Yes,White,2012-07-02,,N/A-StillEmployed,Active,"Executive Office","Board of Directors",9,Indeed,"Fully Meets",4.83,3,,2019-01-17,,10
"Kinsella, Kathleen  ",10166,1,1,,5,5,3,,54005,1,19,"Production Technician I",MA,2170,1973-12-08,F,Married,"US Citizen",No,White,2011-09-26,2015-06-04,"more money","Voluntarily Terminated","Production       ","Webster Butler",39,"Google Search","Fully Meets",3.6,5,,2015-03-01,,16
"Kirill, Alexandra  ",10170,1,1,,5,5,3,,45433,1,19,"Production Technician I",MA,2127,1970-10-08,F,Married,"US Citizen",No,White,2011-09-26,2014-01-09,"more money","Voluntarily Terminated","Production       ","Amy Dunn",11,"Google Search","Fully Meets",3.49,4,,2013-01-30,,6
"Knapp, Bradley  J",10208,,,1,1,5,3,,46654,,19,"Production Technician I",MA,1721,1977-11-10,"M ",Single,"US Citizen",No,"Black or African American",2014-02-17,,N/A-StillEmployed,Active,"Production       ","Ketsia Liebig",19,LinkedIn,"Fully Meets",3.1,3,,2019-02-06,,3
"Kretschmer, John",10176,1,1,1,1,5,3,,63973,,19,"Production Technician I",MA,1801,1980-02-02,"M ",Married,"US Citizen",No,Asian,2011-01-10,,N/A-StillEmployed,Active,"Production       ","Brannon Miller",12,Indeed,"Fully Meets",3.38,3,,2019-01-21,,17
"Kreuger, Freddy",10165,,,1,1,6,3,1,71339,,3,"Area Sales Manager",NY,10171,2069-02-24,"M ",Single,"US Citizen",Yes,"Black or African American",2011-03-07,,N/A-StillEmployed,Active,Sales,"John Smith",17,"Diversity Job Fair","Fully Meets",3.65,5,,2019-01-17,,20
"Lajiri,  Jyoti",10113,1,1,1,3,3,3,,93206,,28,"Sr. Network Engineer",MA,2169,1986-04-23,"M ",Married,"US Citizen",No,White,2014-11-10,,N/A-StillEmployed,Active,IT/IS,"Peter Monroe",7,"Employee Referral","Fully Meets",4.46,5,6,2019-01-07,,7
"Landa, Hans",10092,1,1,1,4,5,3,,82758,1,18,"Production Manager",MA,1890,1972-07-01,"M ",Married,"US Citizen",No,White,2011-01-10,2015-12-12,attendance,"Terminated for Cause","Production       ","Janet King",2,"Employee Referral","Fully Meets",4.78,4,,2015-02-15,,9
"Langford, Lindsey",10106,,2,,5,5,3,,66074,1,20,"Production Technician II",MA,2090,1979-07-25,F,Divorced,"US Citizen",No,Asian,2013-01-07,2014-03-31,"Another position","Voluntarily Terminated","Production       ","David Stanley",14,Indeed,"Fully Meets",4.52,3,,2014-02-20,,20
"Langton, Enrico",10052,1,1,1,1,5,3,,46120,,19,"Production Technician I",MA,2048,1986-12-09,"M ",Married,"US Citizen",No,White,2012-07-09,,N/A-StillEmployed,Active,"Production       ","David Stanley",14,LinkedIn,"Fully Meets",5,5,,2019-02-04,,13
"LaRotonda, William  ",10038,,2,1,1,1,3,,64520,,1,"Accountant I",MA,1460,1984-04-26,"M ",Divorced,"US Citizen",No,"Black or African American",2014-01-06,,N/A-StillEmployed,Active,"Admin Offices","Brandon R. LeBlanc",1,Website,"Fully Meets",5,4,4,2019-01-17,,3
"Latif, Mohammed",10249,1,1,1,5,5,3,,61962,1,20,"Production Technician II",MA,2126,1984-05-09,"M ",Married,"US Citizen",No,White,2012-04-02,2013-04-15,"more money","Voluntarily Terminated","Production       ","Kissy Sullivan",20,"Google Search","Fully Meets",4.9,3,,2013-02-20,,20
"Le, Binh",10232,,,,1,3,3,,81584,,22,"Senior BI Developer",MA,1886,1987-06-14,F,Single,"US Citizen",No,Asian,2016-10-02,,N/A-StillEmployed,Active,IT/IS,"Brian Champaigne",13,Indeed,"Fully Meets",4.1,5,7,2019-01-08,,2
"Leach, Dallas",10087,,,,5,5,3,,63676,1,19,"Production Technician I",MA,1810,1979-01-17,F,Single,"US Citizen",No,Asian,2011-09-26,2018-08-19,"return to school","Voluntarily Terminated","Production       ","Kissy Sullivan",20,CareerBuilder,"Fully Meets",4.88,3,,2017-07-02,,17
"LeBlanc, Brandon  R",10134,1,1,1,1,1,3,,93046,,23,"Shared Services Manager",MA,1460,1984-06-10,"M ",Married,"US Citizen",No,White,2016-01-05,,N/A-StillEmployed,Active,"Admin Offices","Janet King",2,CareerBuilder,"Fully Meets",4.1,4,,2019-01-28,,20
"Lecter, Hannibal",10251,1,1,1,1,5,3,,64738,,19,"Production Technician I",MA,1776,1982-09-02,"M ",Married,"US Citizen",No,Asian,2012-05-14,,N/A-StillEmployed,Active,"Production       ","Elijiah Gray",16,"Google Search","Fully Meets",4.1,3,,2019-02-22,,10
"Leruth, Giovanni",10103,,3,1,1,6,3,,70468,,3,"Area Sales Manager",UT,84111,1988-12-27,"M ",Separated,"US Citizen",No,"Black or African American",2012-04-30,,N/A-StillEmployed,Active,Sales,"John Smith",17,Website,"Fully Meets",4.53,3,,2019-01-29,,16
"Liebig, Ketsia",10017,1,1,,1,5,4,,77915,,18,"Production Manager",MA,2110,1981-10-26,F,Married,"US Citizen",No,White,2013-09-30,,N/A-StillEmployed,Active,"Production       ","Janet King",2,Website,Exceeds,4.1,3,,2019-01-21,,11
"Linares, Marilyn ",10186,1,1,,5,5,3,,52624,1,19,"Production Technician I",MA,1886,1981-03-26,F,Married,"US Citizen",No,White,2011-07-05,2018-09-26,unhappy,"Voluntarily Terminated","Production       ","Michael Albert",22,Indeed,"Fully Meets",3.18,4,,2018-03-02,,16
"Linden, Mathew",10137,1,1,1,3,5,3,,63450,,20,"Production Technician II",MA,1770,1979-03-19,"M ",Married,"US Citizen",No,White,2013-07-08,,N/A-StillEmployed,Active,"Production       ","Kelley Spirea",18,LinkedIn,"Fully Meets",4,3,,2019-02-18,,7
"Lindsay, Leonara ",10008,,,,1,3,4,1,51777,,14,"IT Support",CT,6070,1988-10-05,F,Single,"US Citizen",Yes,"Black or African American",2011-01-21,,N/A-StillEmployed,Active,IT/IS,"Eric Dougall",6,"Diversity Job Fair",Exceeds,4.64,4,5,2019-01-25,,14
"Lundy, Susan",10096,,4,,5,5,3,,67237,1,20,"Production Technician II",MA,2122,1976-12-26,F,Widowed,"US Citizen",No,White,2013-07-08,2016-09-15,"more money","Voluntarily Terminated","Production       ","Michael Albert",22,LinkedIn,"Fully Meets",4.65,4,,2016-06-10,,15
"Lunquist, Lisa",10035,,,,1,5,4,,73330,,20,"Production Technician II",MA,2324,1982-03-28,F,Single,"US Citizen",No,"Black or African American",2013-08-19,,N/A-StillEmployed,Active,"Production       ","Elijiah Gray",16,Indeed,Exceeds,4.2,4,,2019-02-12,,19
"Lydon, Allison",10057,1,1,,3,5,3,,52057,,19,"Production Technician I",MA,2122,1975-10-22,F,Married,"US Citizen",No,"Black or African American",2015-02-16,,N/A-StillEmployed,Active,"Production       ","Elijiah Gray",16,Website,"Fully Meets",5,3,,2019-01-23,,6
"Lynch, Lindsay",10004,,,,5,5,4,1,47434,1,19,"Production Technician I",MA,1844,1973-02-14,F,Single,"US Citizen",Yes,"Black or African American",2011-11-07,2015-11-14,"Another position","Voluntarily Terminated","Production       ","Webster Butler",39,"Diversity Job Fair",Exceeds,5,4,,2015-02-02,,17
"MacLennan, Samuel",10191,,4,1,5,5,3,,52788,1,19,"Production Technician I",MA,1938,1972-11-09,"M ",Widowed,"US Citizen",No,White,2012-09-24,2017-09-26,hours,"Voluntarily Terminated","Production       ","Amy Dunn",11,Indeed,"Fully Meets",3.08,4,,2017-04-01,,18
"Mahoney, Lauren  ",10219,,,,1,5,3,,45395,,19,"Production Technician I",MA,2189,1986-07-07,F,Single,"US Citizen",No,White,2014-01-06,,N/A-StillEmployed,Active,"Production       ","Ketsia Liebig",19,LinkedIn,"Fully Meets",4.6,4,,2019-02-26,,14
"Manchester, Robyn",10077,1,1,,2,5,3,,62385,,20,"Production Technician II",MA,2324,1976-08-25,F,Married,"US Citizen",No,White,2016-05-11,,N/A-StillEmployed,Active,"Production       ","Webster Butler",,LinkedIn,"Fully Meets",5,3,,2019-01-21,,4
"Mancuso, Karen",10073,1,1,,5,5,3,,68407,1,20,"Production Technician II",MA,2176,1986-12-10,F,Married,"US Citizen",No,"Two or more races",2011-07-05,2012-08-19,"Another position","Voluntarily Terminated","Production       ","Amy Dunn",11,LinkedIn,"Fully Meets",5,4,,2012-07-02,,16
"Mangal, Debbie",10279,1,1,,1,5,3,,61349,,19,"Production Technician I",MA,2451,1974-11-07,F,Married,"US Citizen",No,White,2013-11-11,,N/A-StillEmployed,Active,"Production       ","Brannon Miller",12,LinkedIn,"Fully Meets",4.1,3,,2019-01-22,,11
"Martin, Sandra",10110,,,,1,4,3,,105688,,24,"Software Engineer",MA,2135,1987-11-07,F,Single,"US Citizen",No,Asian,2013-11-11,,N/A-StillEmployed,Active,"Software Engineering","Alex Sweetwater",10,"Google Search","Fully Meets",4.5,5,4,2019-01-14,,14
"Maurice, Shana",10053,1,1,,1,5,3,,54132,,19,"Production Technician I",MA,2330,1977-11-22,F,Married,"US Citizen",No,White,2011-05-31,,N/A-StillEmployed,Active,"Production       ","David Stanley",14,Indeed,"Fully Meets",5,4,,2019-01-10,,8
"Carthy, B'rigit",10076,,,,1,5,3,,55315,,20,"Production Technician II",MA,2149,1987-05-21,F,Single,"US Citizen",No,"Black or African American",2015-03-30,,N/A-StillEmployed,Active,"Production       ","Ketsia Liebig",19,LinkedIn,"Fully Meets",5,5,,2019-02-07,,16
"Mckenna, Sandy",10145,1,1,,1,5,3,,62810,,19,"Production Technician I",MA,2184,1987-01-07,F,Married,"US Citizen",No,"Black or African American",2013-01-07,,N/A-StillEmployed,Active,"Production       ","Kissy Sullivan",20,CareerBuilder,"Fully Meets",3.93,3,,2019-01-30,,20
"McKinzie, Jac",10202,1,1,1,2,6,3,,63291,,3,"Area Sales Manager",TX,78789,1984-07-01,"M ",Married,"US Citizen",No,"Two or more races",2016-07-06,,N/A-StillEmployed,Active,Sales,"Lynn Daneault",21,Website,"Fully Meets",3.4,4,,2019-01-29,,7
"Meads, Elizabeth",10128,,,,5,5,3,1,62659,1,19,"Production Technician I",MA,1760,2068-05-30,F,Single,"US Citizen",No,"Black or African American",2012-04-02,2016-11-11,"Another position","Voluntarily Terminated","Production       ","Kelley Spirea",18,"Diversity Job Fair","Fully Meets",4.18,4,,2016-02-05,,17
"Medeiros, Jennifer",10068,,,,1,5,3,,55688,,19,"Production Technician I",MA,2346,1976-09-22,F,Single,"US Citizen",No,White,2015-03-30,,N/A-StillEmployed,Active,"Production       ","Michael Albert",22,CareerBuilder,"Fully Meets",5,4,,2019-01-21,,10
"Miller, Brannon",10116,,,1,1,5,3,,83667,,18,"Production Manager",MA,2045,1981-08-10,"M ",Single,"US Citizen",yes,Hispanic,2012-08-16,,N/A-StillEmployed,Active,"Production       ","Janet King",2,Indeed,"Fully Meets",4.37,3,,2019-01-14,,2
"Miller, Ned",10298,,,1,5,5,1,,55800,1,20,"Production Technician II",MA,2472,1985-06-29,"M ",Single,"US Citizen",No,White,2011-08-15,2014-09-04,unhappy,"Voluntarily Terminated","Production       ","Brannon Miller",12,LinkedIn,PIP,3,2,,2013-01-14,6,6
"Monkfish, Erasumus",10213,1,1,1,1,5,3,,58207,,20,"Production Technician II",MA,1450,1992-08-17,"M ",Married,"US Citizen",No,White,2011-11-07,,N/A-StillEmployed,Active,"Production       ","David Stanley",14,LinkedIn,"Fully Meets",3.7,3,,2019-01-08,,14
"Monroe, Peter",10288,1,1,1,1,3,2,1,157000,,13,"IT Manager - Infra",MA,2134,1986-10-05,"M ",Married,"Eligible NonCitizen",Yes,"Black or African American",2012-02-15,,N/A-StillEmployed,Active,IT/IS,"Jennifer Zamora",5,"Diversity Job Fair","Needs Improvement",2.39,3,6,2019-02-22,4,13
"Monterro, Luisa",10025,,,,1,5,4,,72460,,20,"Production Technician II",MA,2126,1970-04-24,F,Single,"US Citizen",No,"Black or African American",2013-05-13,,N/A-StillEmployed,Active,"Production       ","Kissy Sullivan",20,Indeed,Exceeds,4.7,3,,2019-01-14,,1
"Moran, Patrick",10223,,,1,3,5,3,1,72106,,20,"Production Technician II",MA,2127,1976-12-03,"M ",Single,"US Citizen",No,"Black or African American",2012-01-09,,N/A-StillEmployed,Active,"Production       ","Kelley Spirea",18,"Diversity Job Fair","Fully Meets",4.1,4,,2019-01-31,,12
"Morway, Tanya",10151,1,1,,1,3,3,,52599,,15,"Network Engineer",MA,2048,1979-04-04,F,Married,"US Citizen",No,White,2015-02-16,,N/A-StillEmployed,Active,IT/IS,"Peter Monroe",7,CareerBuilder,"Fully Meets",3.81,3,6,2019-02-11,,6
"Motlagh,  Dawn",10254,,2,,1,5,3,,63430,,19,"Production Technician I",MA,2453,1984-07-07,F,Divorced,"US Citizen",No,White,2013-04-01,,N/A-StillEmployed,Active,"Production       ","Elijiah Gray",16,LinkedIn,"Fully Meets",4.4,4,,2019-01-17,,18
"Moumanil, Maliki ",10120,,3,1,1,5,3,,74417,,20,"Production Technician II",MA,1460,1974-12-01,"M ",Separated,"US Citizen",No,"Black or African American",2013-05-13,,N/A-StillEmployed,Active,"Production       ","Michael Albert",22,LinkedIn,"Fully Meets",4.29,5,,2019-01-28,,11
"Myers, Michael",10216,,,1,1,5,3,,57575,,19,"Production Technician I",MA,1550,1980-04-18,"M ",Single,"US Citizen",No,Asian,2013-07-08,,N/A-StillEmployed,Active,"Production       ","Kissy Sullivan",20,LinkedIn,"Fully Meets",4.1,4,,2019-01-22,,13
"Navathe, Kurt",10079,,,1,1,3,3,,87921,,22,"Senior BI Developer",MA,2056,1970-04-25,"M ",Single,"US Citizen",No,Asian,2017-02-10,,N/A-StillEmployed,Active,IT/IS,"Brian Champaigne",13,Indeed,"Fully Meets",5,3,6,2019-02-25,,17
"Ndzi, Colombui",10215,,,1,5,5,3,1,50470,1,19,"Production Technician I",MA,2110,1989-05-02,"M ",Single,"US Citizen",No,"Black or African American",2011-09-26,2014-04-04,"return to school","Voluntarily Terminated","Production       ","Webster Butler",39,"Diversity Job Fair","Fully Meets",4.3,3,,2013-03-02,,19
"Ndzi, Horia",10185,1,1,1,5,5,3,,46664,1,19,"Production Technician I",MA,2421,1983-03-28,"M ",Married,"US Citizen",No,White,2013-04-01,2016-05-25,"more money","Voluntarily Terminated","Production       ","Amy Dunn",11,"Employee Referral","Fully Meets",3.18,3,,2016-03-06,,10
"Newman, Richard ",10063,1,1,1,3,5,3,,48495,,19,"Production Technician I",MA,2136,1977-04-08,"M ",Married,"US Citizen",No,White,2014-05-12,,N/A-StillEmployed,Active,"Production       ","Ketsia Liebig",19,LinkedIn,"Fully Meets",5,5,,2019-02-18,,11
"Ngodup, Shari ",10037,,3,,1,5,4,1,52984,,19,"Production Technician I",MA,1810,2067-06-03,F,Separated,"US Citizen",No,"Black or African American",2013-04-01,,N/A-StillEmployed,Active,"Production       ","Brannon Miller",12,"Diversity Job Fair",Exceeds,4,3,,2019-02-13,,12
"Nguyen, Dheepa",10042,,,,1,6,3,,63695,,3,"Area Sales Manager",GA,30428,1989-03-31,F,Single,"US Citizen",No,"Two or more races",2013-07-08,,N/A-StillEmployed,Active,Sales,"Lynn Daneault",21,Indeed,"Fully Meets",5,5,,2019-01-25,,2
"Nguyen, Lei-Ming",10206,,,,1,5,3,,62061,,19,"Production Technician I",MA,2132,1984-07-07,F,Single,"US Citizen",No,White,2013-07-08,,N/A-StillEmployed,Active,"Production       ","David Stanley",14,LinkedIn,"Fully Meets",3.6,5,,2019-01-02,,4
"Nowlan, Kristie",10104,,,,1,5,3,,66738,,20,"Production Technician II",MA,1040,1985-11-23,F,Single,"US Citizen",No,White,2014-11-10,,N/A-StillEmployed,Active,"Production       ","Elijiah Gray",16,Indeed,"Fully Meets",4.53,5,,2019-01-16,,5
"O'hare, Lynn",10303,,,,4,5,1,,52674,1,19,"Production Technician I",MA,2152,1980-09-30,F,Single,"US Citizen",No,"Two or more races",2014-03-31,2018-05-01,performance,"Terminated for Cause","Production       ","Kissy Sullivan",20,LinkedIn,PIP,2.33,2,,2018-03-09,6,3
"Oliver, Brooke ",10078,1,1,,5,5,3,,71966,1,20,"Production Technician II",MA,2492,2052-02-11,F,Married,"US Citizen",No,Asian,2012-05-14,2013-08-19,unhappy,"Voluntarily Terminated","Production       ","Webster Butler",39,LinkedIn,"Fully Meets",5,3,,2013-07-02,,17
"Onque, Jasmine",10121,,,,1,6,3,,63051,,3,"Area Sales Manager",FL,33174,1990-05-11,F,Single,"US Citizen",Yes,White,2013-09-30,,N/A-StillEmployed,Active,Sales,"Lynn Daneault",21,Indeed,"Fully Meets",4.28,3,,2019-01-25,,1
"Osturnka, Adeel",10021,1,1,1,1,5,4,,47414,,19,"Production Technician I",MA,2478,1976-12-11,"M ",Married,"US Citizen",No,White,2013-09-30,,N/A-StillEmployed,Active,"Production       ","Kelley Spirea",18,LinkedIn,Exceeds,5,3,,2019-02-07,,13
"Owad, Clinton",10281,,,1,1,5,2,,53060,,19,"Production Technician I",MA,1760,1979-11-24,"M ",Single,"US Citizen",No,"Black or African American",2014-02-17,,N/A-StillEmployed,Active,"Production       ","Michael Albert",22,LinkedIn,"Needs Improvement",4.25,3,,2019-02-04,4,6
"Ozark, Travis",10041,,,1,1,6,3,,68829,,3,"Area Sales Manager",NC,27229,1982-05-19,"M ",Single,"US Citizen",No,White,2015-01-05,,N/A-StillEmployed,Active,Sales,"John Smith",17,Website,"Fully Meets",5,5,,2019-01-14,,18
"Panjwani, Nina",10148,1,1,,5,5,3,,63515,1,19,"Production Technician I",MA,2351,1979-05-01,F,Married,"US Citizen",No,White,2011-02-07,2014-01-12,"Another position","Voluntarily Terminated","Production       ","Elijiah Gray",16,"Google Search","Fully Meets",3.89,4,,2013-03-04,,7
"Patronick, Lucas",10005,,,1,5,4,4,1,108987,1,24,"Software Engineer",MA,1844,1979-02-20,"M ",Single,"US Citizen",No,"Black or African American",2011-11-07,2015-09-07,"Another position","Voluntarily Terminated","Software Engineering","Alex Sweetwater",10,"Diversity Job Fair",Exceeds,5,5,3,2015-08-16,,13
"Pearson, Randall",10259,1,1,1,5,3,3,,93093,1,9,"Data Analyst",MA,2747,1984-09-05,"M ",Married,"US Citizen",No,White,2014-12-01,2016-05-01,performance,"Voluntarily Terminated",IT/IS,"Simon Roup",4,"Employee Referral","Fully Meets",4.7,4,5,2016-01-16,,19
"Smith, Martin",10286,,,1,5,5,2,,53564,1,19,"Production Technician I",MA,2458,1988-03-17,"M ",Single,"US Citizen",No,"Black or African American",2011-01-10,2017-12-28,"career change","Voluntarily Terminated","Production       ","Webster Butler",39,"Google Search","Needs Improvement",3.54,5,,2017-04-06,4,15
"Pelletier, Ermine",10297,1,1,,5,5,2,,60270,1,20,"Production Technician II",MA,2472,1989-07-18,F,Married,"US Citizen",No,Asian,2011-07-05,2015-09-15,unhappy,"Voluntarily Terminated","Production       ","Amy Dunn",11,CareerBuilder,"Needs Improvement",2.4,5,,2015-02-06,5,2
"Perry, Shakira",10171,,,,5,5,3,,45998,1,19,"Production Technician I",MA,2176,1986-07-20,F,Single,"US Citizen",No,White,2011-05-16,2015-10-25,"medical issues","Voluntarily Terminated","Production       ","Amy Dunn",11,LinkedIn,"Fully Meets",3.45,4,,2014-05-13,,5
"Peters, Lauren",10032,1,1,,5,5,4,,57954,1,20,"Production Technician II",MA,1886,1986-08-17,F,Married,"US Citizen",No,White,2011-05-16,2013-02-04,"more money","Voluntarily Terminated","Production       ","Ketsia Liebig",19,Indeed,Exceeds,4.2,5,,2013-01-10,,12
"Peterson, Ebonee  ",10130,1,1,,5,5,3,,74669,1,18,"Production Manager",MA,2030,1977-05-09,F,Married,"US Citizen",No,White,2010-10-25,2016-05-18,"Another position","Voluntarily Terminated","Production       ","Janet King",2,Indeed,"Fully Meets",4.16,5,,2015-03-05,,6
"Petingill, Shana  ",10217,1,1,,1,5,3,,74226,,20,"Production Technician II",MA,2050,1979-03-10,F,Married,"Eligible NonCitizen",No,Asian,2012-04-02,,N/A-StillEmployed,Active,"Production       ","Brannon Miller",12,LinkedIn,"Fully Meets",4.3,3,,2019-01-14,,14
"Petrowsky, Thelma",10016,1,1,,1,3,4,,93554,,9,"Data Analyst",MA,1886,1984-09-16,F,Married,"US Citizen",No,"Black or African American",2014-11-10,,N/A-StillEmployed,Active,IT/IS,"Simon Roup",4,"Employee Referral",Exceeds,4.6,5,7,2019-01-04,,16
"Pham, Hong",10050,1,1,1,5,5,3,,64724,1,19,"Production Technician I",MA,2451,1988-03-06,"M ",Married,"US Citizen",No,Asian,2011-07-05,2012-11-30,"more money","Voluntarily Terminated","Production       ","Brannon Miller",12,"Google Search","Fully Meets",5,3,,2012-02-20,,13
"Pitt, Brad ",10164,,,1,1,5,3,,47001,,19,"Production Technician I",MA,2451,1981-11-23,"M ",Single,"US Citizen",No,White,2007-11-05,,N/A-StillEmployed,Active,"Production       ","David Stanley",14,"Google Search","Fully Meets",3.66,3,,2019-02-25,,15
"Potts, Xana",10124,1,1,,1,6,3,,61844,,3,"Area Sales Manager",KY,40220,1988-08-29,F,Married,"US Citizen",No,"Black or African American",2012-01-09,,N/A-StillEmployed,Active,Sales,"Lynn Daneault",21,Website,"Fully Meets",4.2,5,,2019-02-01,,9
"Power, Morissa",10187,,2,,5,5,3,,46799,1,19,"Production Technician I",MA,1742,1984-10-15,F,Divorced,"Eligible NonCitizen",No,Asian,2011-05-16,2018-06-04,"Another position","Voluntarily Terminated","Production       ","Kissy Sullivan",20,"Google Search","Fully Meets",3.17,4,,2018-04-02,,14
"Punjabhi, Louis  ",10225,,,1,1,5,3,,59472,,19,"Production Technician I",MA,2109,2061-06-19,"M ",Single,"US Citizen",No,White,2014-01-06,,N/A-StillEmployed,Active,"Production       ","Kelley Spirea",18,"Employee Referral","Fully Meets",4.8,3,,2019-01-07,,14
"Purinton, Janine",10262,,2,,5,5,3,,46430,1,19,"Production Technician I",MA,2474,1970-09-22,F,Divorced,"US Citizen",No,White,2012-09-24,2013-06-18,unhappy,"Voluntarily Terminated","Production       ","Kissy Sullivan",20,Indeed,"Fully Meets",4.5,5,,2013-04-02,,16
"Quinn, Sean",10131,1,1,1,5,1,3,1,83363,1,23,"Software Engineer",MA,2045,1984-11-06,"M ",Married,"Eligible NonCitizen",No,"Black or African American",2011-02-21,2015-08-15,"career change","Voluntarily Terminated","Software Engineering","Janet King",2,"Diversity Job Fair","Fully Meets",4.15,4,,2014-04-19,,4
"Rachael, Maggie",10239,1,1,,1,3,3,,95920,,4,"BI Developer",MA,2110,1980-05-12,F,Married,"US Citizen",No,"Black or African American",2016-10-02,,N/A-StillEmployed,Active,IT/IS,"Brian Champaigne",13,Indeed,"Fully Meets",4.4,4,6,2019-02-06,,10
"Rarrick, Quinn",10152,,2,1,5,5,3,,61729,1,19,"Production Technician I",MA,2478,1984-12-31,"M ",Divorced,"US Citizen",No,White,2011-09-26,2018-04-07,"more money","Voluntarily Terminated","Production       ","Michael Albert",22,Indeed,"Fully Meets",3.8,5,,2018-02-04,,19
"Ren, Kylo",10140,1,1,1,1,6,3,,61809,,3,"Area Sales Manager",ID,83706,2054-10-12,"M ",Married,"US Citizen",No,White,2014-05-12,,N/A-StillEmployed,Active,Sales,"John Smith",17,CareerBuilder,"Fully Meets",3.98,3,,2019-01-28,,4
"Rhoads, Thomas",10058,,2,1,5,5,3,,45115,1,19,"Production Technician I",MA,2176,1982-07-22,"M ",Divorced,"US Citizen",Yes,White,2011-05-16,2016-01-15,retiring,"Voluntarily Terminated","Production       ","Elijiah Gray",16,LinkedIn,"Fully Meets",5,4,,2015-03-30,,11
"Rivera, Haley  ",10011,1,1,,1,5,4,,46738,,19,"Production Technician I",MA,2171,1973-01-12,F,Married,"US Citizen",No,Asian,2011-11-28,,N/A-StillEmployed,Active,"Production       ","Webster Butler",,"Google Search",Exceeds,4.36,5,,2019-02-11,,16
"Roberson, May",10230,,2,,5,5,3,,64971,1,20,"Production Technician II",MA,1902,1981-09-05,F,Divorced,"Eligible NonCitizen",No,"Black or African American",2011-09-26,2011-10-22,"return to school","Voluntarily Terminated","Production       ","David Stanley",14,"Google Search","Fully Meets",4.5,4,,2011-10-22,,10
"Robertson, Peter",10224,1,1,1,5,5,3,,55578,1,20,"Production Technician II",MA,2138,1972-07-03,"M ",Married,"US Citizen",No,White,2011-07-05,2012-02-08,"Another position","Voluntarily Terminated","Production       ","Kissy Sullivan",20,Indeed,"Fully Meets",4.2,5,,2012-01-06,,13
"Robinson, Alain  ",10047,1,1,1,5,5,3,,50428,1,19,"Production Technician I",MA,1420,1974-01-07,"M ",Married,"US Citizen",No,"Black or African American",2011-01-10,2016-01-26,attendance,"Voluntarily Terminated","Production       ","Amy Dunn",11,Indeed,"Fully Meets",5,3,,2015-01-10,,11
"Robinson, Cherly",10285,1,1,,4,5,2,,61422,1,19,"Production Technician I",MA,1460,1985-01-07,F,Married,"US Citizen",No,White,2011-01-10,2016-05-17,attendance,"Terminated for Cause","Production       ","Ketsia Liebig",19,Indeed,"Needs Improvement",3.6,3,,2016-04-05,4,16
"Robinson, Elias",10020,,4,1,1,5,4,,63353,,19,"Production Technician I",MA,1730,1985-01-28,"M ",Widowed,"US Citizen",No,White,2013-07-08,,N/A-StillEmployed,Active,"Production       ","Brannon Miller",12,"Employee Referral",Exceeds,3.6,5,,2019-02-11,,4
"Roby, Lori ",10162,1,1,,1,3,3,,89883,,9,"Data Analyst",MA,1886,1981-10-11,F,Married,"US Citizen",No,White,2015-02-16,,N/A-StillEmployed,Active,IT/IS,"Simon Roup",4,"Employee Referral","Fully Meets",3.69,5,6,2019-02-14,,15
"Roehrich, Bianca",10149,,,,5,3,3,,120000,1,29,"Principal Data Architect",MA,2703,1973-05-27,F,Single,"US Citizen",Yes,White,2015-01-05,2018-11-10,"Another position","Voluntarily Terminated",IT/IS,"Simon Roup",4,LinkedIn,"Fully Meets",3.88,3,7,2018-02-13,,12
"Roper, Katie",10086,,,,1,3,3,,150290,,7,"Data Architect",MA,2056,1972-11-21,F,Single,"US Citizen",No,"Black or African American",2017-01-07,,N/A-StillEmployed,Active,IT/IS,"Brian Champaigne",13,Indeed,"Fully Meets",4.94,3,5,2019-02-06,,17
"Rose, Ashley  ",10054,,3,,1,5,3,,60627,,19,"Production Technician I",MA,1886,1974-12-05,F,Separated,"US Citizen",No,White,2014-01-06,,N/A-StillEmployed,Active,"Production       ","David Stanley",14,Website,"Fully Meets",5,4,,2019-01-31,,8
"Rossetti, Bruno",10065,,,1,5,5,3,,53180,1,19,"Production Technician I",MA,2155,1987-03-18,"M ",Single,"US Citizen",No,White,2011-04-04,2018-08-13,"Another position","Voluntarily Terminated","Production       ","Kissy Sullivan",20,"Google Search","Fully Meets",5,5,,2018-07-02,,4
"Roup,Simon",10198,,,1,1,3,3,,140920,,13,"IT Manager - DB",MA,2481,1973-04-05,"M ",Single,"US Citizen",No,White,2013-01-20,,N/A-StillEmployed,Active,IT/IS,"Jennifer Zamora",5,Indeed,"Fully Meets",3.6,5,7,2019-02-18,,13
"Ruiz, Ricardo",10222,,2,1,5,3,3,1,148999,1,13,"IT Manager - DB",MA,1915,2064-01-04,"M ",Divorced,"US Citizen",No,"Black or African American",2012-01-09,2015-11-04,hours,"Voluntarily Terminated",IT/IS,"Jennifer Zamora",5,"Diversity Job Fair","Fully Meets",4.3,4,6,2015-01-04,,8
"Saada, Adell",10126,1,1,,1,4,3,,86214,,24,"Software Engineer",MA,2132,1986-07-24,F,Married,"US Citizen",No,White,2012-11-05,,N/A-StillEmployed,Active,"Software Engineering","Alex Sweetwater",10,Indeed,"Fully Meets",4.2,3,6,2019-02-13,,2
"Saar-Beckles, Melinda",10295,,,,2,5,2,1,47750,,19,"Production Technician I",MA,1801,2068-06-06,F,Single,"US Citizen",No,"Black or African American",2016-07-04,,N/A-StillEmployed,Active,"Production       ","Kelley Spirea",18,"Diversity Job Fair","Needs Improvement",2.6,4,,2019-02-18,5,4
"Sadki, Nore  ",10260,,,1,5,5,3,,46428,1,19,"Production Technician I",MA,2148,1974-12-21,"M ",Single,"US Citizen",No,White,2009-01-05,2018-07-30,"relocation out of area","Voluntarily Terminated","Production       ","Michael Albert",22,"Google Search","Fully Meets",4.6,5,,2018-02-05,,7
"Sahoo, Adil",10233,1,1,1,1,5,3,,57975,,20,"Production Technician II",MA,2062,1986-04-26,"M ",Married,"US Citizen",No,White,2010-08-30,,N/A-StillEmployed,Active,"Production       ","Kelley Spirea",18,CareerBuilder,"Fully Meets",4.1,3,,2019-01-10,,13
"Salter, Jason",10229,,2,1,5,3,3,,88527,1,9,"Data Analyst ",MA,2452,1987-12-17,"M ",Divorced,"US Citizen",No,"Black or African American",2015-01-05,2015-10-31,hours,"Voluntarily Terminated",IT/IS,"Simon Roup",4,LinkedIn,"Fully Meets",4.2,3,5,2015-04-20,,2
"Sander, Kamrin",10169,1,1,,1,5,3,,56147,,19,"Production Technician I",MA,2154,1988-07-10,F,Married,"US Citizen",No,"Black or African American",2014-09-29,,N/A-StillEmployed,Active,"Production       ","Elijiah Gray",16,LinkedIn,"Fully Meets",3.51,3,,2019-02-18,,2
"Sewkumar, Nori",10071,,,,3,5,3,,50923,,19,"Production Technician I",MA,2191,1975-03-10,F,Single,"US Citizen",No,Asian,2013-09-30,,N/A-StillEmployed,Active,"Production       ","Webster Butler",,"Google Search","Fully Meets",5,5,,2019-02-06,,14
"Shepard, Anita ",10179,1,1,,1,3,3,,50750,,15,"Network Engineer",MA,1773,1981-04-14,F,Married,"US Citizen",No,White,2014-09-30,,N/A-StillEmployed,Active,IT/IS,"Peter Monroe",7,LinkedIn,"Fully Meets",3.31,3,6,2019-01-07,,7
"Shields, Seffi",10091,1,1,,1,5,3,,52087,,19,"Production Technician I",MA,2149,1985-08-24,F,Married,"US Citizen",No,White,2013-08-19,,N/A-StillEmployed,Active,"Production       ","Amy Dunn",11,LinkedIn,"Fully Meets",4.81,4,,2019-02-15,,15
"Simard, Kramer",10178,1,1,1,1,3,3,,87826,,9,"Data Analyst",MA,2110,1970-02-08,"M ",Married,"US Citizen",Yes,White,2015-01-05,,N/A-StillEmployed,Active,IT/IS,"Simon Roup",4,"Employee Referral","Fully Meets",3.32,3,7,2019-01-14,,16
"Singh, Nan ",10039,,,,1,1,3,,51920,,2,"Administrative Assistant",MA,2330,1988-05-19,F,Single,"US Citizen",No,White,2015-05-01,,N/A-StillEmployed,Active,"Admin Offices","Brandon R. LeBlanc",1,Website,"Fully Meets",5,3,5,2019-01-15,,2
"Sloan, Constance",10095,,,,5,5,3,,63878,1,20,"Production Technician II",MA,1851,1987-11-25,F,Single,"US Citizen",No,White,2009-10-26,2015-04-08,"maternity leave - did not return","Voluntarily Terminated","Production       ","Michael Albert",22,CareerBuilder,"Fully Meets",4.68,4,,2015-04-02,,20
"Smith, Joe",10027,,,1,1,5,4,,60656,,20,"Production Technician II",MA,2045,2063-10-30,"M ",Single,"US Citizen",No,White,2014-09-29,,N/A-StillEmployed,Active,"Production       ","Elijiah Gray",16,Indeed,Exceeds,4.3,3,,2019-01-28,,4
"Smith, John",10291,,2,1,1,6,2,1,72992,,21,"Sales Manager",MA,1886,1984-08-16,"M ",Divorced,"US Citizen",No,"Black or African American",2014-05-18,,N/A-StillEmployed,Active,Sales,"Debra Houlihan",15,"Diversity Job Fair","Needs Improvement",2.4,4,,2019-01-16,2,16
"Smith, Leigh Ann",10153,1,1,,5,1,3,1,55000,1,2,"Administrative Assistant",MA,1844,1987-06-14,F,Married,"US Citizen",No,"Black or African American",2011-09-26,2013-09-25,"career change","Voluntarily Terminated","Admin Offices","Brandon R. LeBlanc",1,"Diversity Job Fair","Fully Meets",3.8,4,4,2013-08-15,,17
"Smith, Sade",10157,,,,1,5,3,,58939,,19,"Production Technician I",MA,2130,2065-02-02,F,Single,"US Citizen",No,White,2013-11-11,,N/A-StillEmployed,Active,"Production       ","Ketsia Liebig",19,"Employee Referral","Fully Meets",3.73,3,,2019-01-24,,16
"Soto, Julia ",10119,1,1,,1,3,3,,66593,,14,"IT Support",MA,2360,1973-03-12,F,Married,"US Citizen",No,"Black or African American",2011-06-10,,N/A-StillEmployed,Active,IT/IS,"Eric Dougall",6,LinkedIn,"Fully Meets",4.3,3,5,2019-02-08,,19
"Soze, Keyser",10180,1,1,1,2,3,3,,87565,,28,"Sr. Network Engineer",MA,1545,1983-02-09,"M ",Married,"US Citizen",No,Asian,2016-06-30,,N/A-StillEmployed,Active,IT/IS,"Peter Monroe",7,LinkedIn,"Fully Meets",3.27,4,5,2019-01-14,,13
"Sparks, Taylor  ",10302,1,1,,1,5,1,,64021,,19,"Production Technician I",MA,2093,2068-07-20,F,Married,"US Citizen",No,White,2012-02-20,,N/A-StillEmployed,Active,"Production       ","Brannon Miller",12,Indeed,PIP,2.4,2,1,2019-02-25,6,20
"Spirea, Kelley",10090,1,1,,1,5,3,,65714,,18,"Production Manager",MA,2451,1975-09-30,F,Married,"US Citizen",No,White,2012-10-02,,N/A-StillEmployed,Active,"Production       ","Janet King",2,LinkedIn,"Fully Meets",4.83,5,,2019-02-14,,15
"Squatrito, Kristen",10030,,2,,5,5,4,,62425,1,19,"Production Technician I",MA,2359,1973-03-26,F,Divorced,"US Citizen",No,White,2013-05-13,2015-06-29,unhappy,"Voluntarily Terminated","Production       ","David Stanley",14,LinkedIn,Exceeds,4.1,4,,2015-03-02,,16
"Stanford,Barbara  M",10278,,2,,1,5,3,,47961,,19,"Production Technician I",MA,2050,1982-08-25,F,Divorced,"US Citizen",No,"Two or more races",2011-01-10,,N/A-StillEmployed,Active,"Production       ","Kissy Sullivan",20,"Google Search","Fully Meets",4.1,4,,2019-02-07,,9
"Stansfield, Norman",10307,1,1,1,1,6,1,,58273,,3,"Area Sales Manager",NV,89139,1974-05-09,"M ",Married,"US Citizen",No,White,2014-05-12,,N/A-StillEmployed,Active,Sales,"Lynn Daneault",21,Website,PIP,1.81,2,,2019-01-17,3,5
"Steans, Tyrone  ",10147,,,1,1,1,3,,63003,,1,"Accountant I",MA,2703,1986-09-01,"M ",Single,"US Citizen",No,White,2014-09-29,,N/A-StillEmployed,Active,"Admin Offices","Brandon R. LeBlanc",1,Indeed,"Fully Meets",3.9,5,5,2019-01-18,,9
"Stoica, Rick",10266,1,1,1,1,5,3,,61355,,19,"Production Technician I",MA,2301,1985-03-14,"M ",Married,"US Citizen",No,Asian,2014-02-17,,N/A-StillEmployed,Active,"Production       ","Kelley Spirea",18,LinkedIn,"Fully Meets",4.7,3,,2019-01-11,,4
"Strong, Caitrin",10241,1,1,,1,6,3,,60120,,3,"Area Sales Manager",MT,59102,1989-05-12,F,Married,"US Citizen",No,"Black or African American",2010-09-27,,N/A-StillEmployed,Active,Sales,"John Smith",17,Indeed,"Fully Meets",4.1,4,,2019-01-31,,18
"Sullivan, Kissy ",10158,1,1,,1,5,3,,63682,,18,"Production Manager",MA,1776,1978-03-28,F,Married,"US Citizen",No,"Black or African American",2009-01-08,,N/A-StillEmployed,Active,"Production       ","Janet King",2,Indeed,"Fully Meets",3.73,4,,2019-01-24,,12
"Sullivan, Timothy",10117,1,1,1,1,5,3,,63025,,19,"Production Technician I",MA,2747,1982-10-07,"M ",Married,"US Citizen",Yes,White,2015-01-05,,N/A-StillEmployed,Active,"Production       ","Michael Albert",22,"Google Search","Fully Meets",4.36,5,,2019-01-24,,10
"Sutwell, Barbara",10209,,,,1,5,3,,59238,,19,"Production Technician I",MA,2718,2068-08-15,F,Single,"Eligible NonCitizen",No,Asian,2012-05-14,,N/A-StillEmployed,Active,"Production       ","Elijiah Gray",16,Indeed,"Fully Meets",3.4,5,,2019-01-31,,13
"Szabo, Andrew",10024,,,1,1,4,4,,92989,,24,"Software Engineer",MA,2140,1983-05-06,"M ",Single,"US Citizen",No,White,2014-07-07,,N/A-StillEmployed,Active,"Software Engineering","Alex Sweetwater",10,LinkedIn,Exceeds,4.5,5,5,2019-02-18,,1
"Tannen, Biff",10173,1,1,1,1,3,3,,90100,,4,"BI Developer",MA,2134,1987-10-24,"M ",Married,"US Citizen",No,White,2017-04-20,,N/A-StillEmployed,Active,IT/IS,"Brian Champaigne",13,Indeed,"Fully Meets",3.4,3,6,2019-01-02,,14
"Tavares, Desiree  ",10221,1,1,,5,5,3,1,60754,1,19,"Production Technician I",MA,1801,1975-04-03,F,Married,Non-Citizen,No,"Black or African American",2009-04-27,2013-04-01,"Another position","Voluntarily Terminated","Production       ","Webster Butler",39,"Diversity Job Fair","Fully Meets",4.5,5,,2012-02-15,,11
"Tejeda, Lenora ",10146,1,1,,5,5,3,,72202,1,20,"Production Technician II",MA,2129,2053-05-24,F,Married,"US Citizen",No,White,2011-05-16,2017-07-08,"Another position","Voluntarily Terminated","Production       ","Elijiah Gray",16,"Google Search","Fully Meets",3.93,3,,2017-04-18,,3
"Terry, Sharlene ",10161,,,,1,6,3,,58370,,3,"Area Sales Manager",OR,97756,2065-05-07,F,Single,"US Citizen",No,"Black or African American",2014-09-29,,N/A-StillEmployed,Active,Sales,"Lynn Daneault",21,Indeed,"Fully Meets",3.69,3,,2019-01-28,,18
"Theamstern, Sophia",10141,,,,5,5,3,,48413,1,19,"Production Technician I",MA,2066,2065-05-09,F,Single,"US Citizen",No,White,2011-07-05,2016-09-05,"return to school","Voluntarily Terminated","Production       ","Amy Dunn",11,Indeed,"Fully Meets",3.98,4,,2016-03-02,,1
"Thibaud, Kenneth",10268,,4,1,5,5,3,,67176,1,20,"Production Technician II",MA,2472,1975-09-16,"M ",Widowed,"US Citizen",No,White,2007-06-25,2010-08-30,military,"Voluntarily Terminated","Production       ","Webster Butler",39,Other,"Fully Meets",4.1,4,,2010-07-14,,15
"Tippett, Jeanette",10123,,2,,1,5,3,,56339,,19,"Production Technician I",MA,2093,2067-06-05,F,Divorced,"US Citizen",No,"Black or African American",2013-02-18,,N/A-StillEmployed,Active,"Production       ","Brannon Miller",12,Indeed,"Fully Meets",4.21,5,,2019-01-14,,4
"Torrence, Jack",10013,,3,1,1,6,4,,64397,,3,"Area Sales Manager",ND,58782,2068-01-15,"M ",Separated,"US Citizen",No,White,2006-01-09,,N/A-StillEmployed,Active,Sales,"Lynn Daneault",21,Indeed,Exceeds,4.1,3,,2019-01-04,,6
"Trang, Mei",10287,,,,1,5,2,,63025,,19,"Production Technician I",MA,2021,1983-05-16,F,Single,"US Citizen",No,White,2014-02-17,,N/A-StillEmployed,Active,"Production       ","David Stanley",14,LinkedIn,"Needs Improvement",2.44,5,,2019-02-11,4,18
"Tredinnick, Neville ",10044,1,1,1,5,3,3,,75281,1,15,"Network Engineer",MA,1420,1988-05-05,"M ",Married,"US Citizen",No,White,2015-01-05,2016-02-12,"medical issues","Voluntarily Terminated",IT/IS,"Peter Monroe",7,CareerBuilder,"Fully Meets",5,3,5,2015-04-15,,11
"True, Edward",10102,,,1,5,4,3,1,100416,1,24,"Software Engineer",MA,2451,1983-06-14,"M ",Single,Non-Citizen,No,"Black or African American",2013-02-18,2018-04-15,"medical issues","Voluntarily Terminated","Software Engineering","Alex Sweetwater",10,"Diversity Job Fair","Fully Meets",4.6,3,4,2017-02-12,,9
"Trzeciak, Cybil",10270,,,,5,5,3,,74813,1,20,"Production Technician II",MA,1778,1985-03-15,F,Single,"US Citizen",No,White,2011-01-10,2014-07-02,unhappy,"Voluntarily Terminated","Production       ","Amy Dunn",11,LinkedIn,"Fully Meets",4.4,3,,2014-01-05,,5
"Turpin, Jumil",10045,1,1,1,1,3,3,,76029,,15,"Network Engineer",MA,2343,2069-03-31,"M ",Married,"Eligible NonCitizen",No,White,2015-03-30,,N/A-StillEmployed,Active,IT/IS,"Peter Monroe",7,"Employee Referral","Fully Meets",5,4,7,2019-01-14,,8
"Valentin,Jackie",10205,1,1,,1,6,3,,57859,,3,"Area Sales Manager",AZ,85006,1991-05-23,F,Married,"US Citizen",No,"Two or more races",2011-07-05,,N/A-StillEmployed,Active,Sales,"John Smith",17,Indeed,"Fully Meets",2.81,3,,2019-01-17,,16
"Veera, Abdellah ",10014,,2,1,5,5,4,,58523,1,19,"Production Technician I",MA,2171,1987-01-31,"M ",Divorced,"US Citizen",No,White,2012-08-13,2016-02-05,"maternity leave - did not return","Voluntarily Terminated","Production       ","Kissy Sullivan",20,LinkedIn,Exceeds,4.5,5,,2016-02-01,,15
"Vega, Vincent",10144,,2,1,1,5,3,,88976,,17,"Production Manager",MA,2169,2068-10-10,"M ",Divorced,"US Citizen",No,White,2011-08-01,,N/A-StillEmployed,Active,"Production       ","Janet King",2,"Employee Referral","Fully Meets",3.93,3,,2019-02-27,,19
"Villanueva, Noah",10253,,,1,1,6,3,,55875,,3,"Area Sales Manager",ME,4063,1989-07-11,"M ",Single,"US Citizen",No,Asian,2012-03-05,,N/A-StillEmployed,Active,Sales,"John Smith",17,Website,"Fully Meets",4.5,4,,2019-01-18,,11
"Voldemort, Lord",10118,1,1,1,4,3,3,,113999,1,8,"Database Administrator",MA,1960,1986-08-07,"M ",Married,"US Citizen",No,"Black or African American",2015-02-16,2017-02-22,"no-call, no-show","Terminated for Cause",IT/IS,"Simon Roup",4,"Employee Referral","Fully Meets",4.33,3,7,2017-02-15,,9
"Volk, Colleen",10022,1,1,,4,5,4,,49773,1,19,"Production Technician I",MA,2747,1986-06-03,F,Married,"US Citizen",No,White,2011-09-26,2016-02-08,"gross misconduct","Terminated for Cause","Production       ","Kelley Spirea",18,"Google Search",Exceeds,4.3,5,,2015-02-01,,18
"Von Massenbach, Anna",10183,,,,2,5,3,,62068,,19,"Production Technician I",MA,2124,1985-04-06,F,Single,"US Citizen",No,White,2015-07-05,,N/A-StillEmployed,Active,"Production       ","Michael Albert",22,LinkedIn,"Fully Meets",3.21,3,,2019-01-29,,7
"Walker, Roger",10190,,,1,1,5,3,,66541,,20,"Production Technician II",MA,2459,1976-02-10,"M ",Single,"US Citizen",No,"Black or African American",2014-08-18,,N/A-StillEmployed,Active,"Production       ","Ketsia Liebig",19,"Employee Referral","Fully Meets",3.11,5,,2019-02-12,,4
"Wallace, Courtney  E",10274,1,1,,5,5,3,1,80512,1,18,"Production Manager",MA,2478,2055-11-14,F,Married,"US Citizen",No,"Black or African American",2011-09-26,2012-01-02,"Another position","Voluntarily Terminated","Production       ","Janet King",2,"Diversity Job Fair","Fully Meets",4.5,3,,2012-01-02,,5
"Wallace, Theresa",10293,,,,5,5,2,,50274,1,19,"Production Technician I",MA,1887,1980-08-02,F,Single,"US Citizen",No,White,2012-08-13,2015-09-01,"career change","Voluntarily Terminated","Production       ","Elijiah Gray",16,CareerBuilder,"Needs Improvement",2.5,3,,2014-09-05,6,13
"Wang, Charlie",10172,,,1,1,3,3,,84903,,22,"Senior BI Developer",MA,1887,1981-07-08,"M ",Single,"US Citizen",No,Asian,2017-02-15,,N/A-StillEmployed,Active,IT/IS,"Brian Champaigne",13,Indeed,"Fully Meets",3.42,4,7,2019-01-04,,17
"Warfield, Sarah",10127,,4,,1,3,3,,107226,,28,"Sr. Network Engineer",MA,2453,1978-05-02,F,Widowed,"US Citizen",No,Asian,2015-03-30,,N/A-StillEmployed,Active,IT/IS,"Peter Monroe",7,"Employee Referral","Fully Meets",4.2,4,8,2019-02-05,,7
"Whittier, Scott",10072,,,1,5,5,3,,58371,1,19,"Production Technician I",MA,2030,1987-05-24,"M ",Single,"US Citizen",Yes,White,2011-01-10,2014-05-15,hours,"Voluntarily Terminated","Production       ","Webster Butler",39,LinkedIn,"Fully Meets",5,5,,2014-05-15,,11
"Wilber, Barry",10048,1,1,1,5,5,3,,55140,1,19,"Production Technician I",MA,2324,2065-09-09,"M ",Married,"Eligible NonCitizen",No,White,2011-05-16,2015-09-07,unhappy,"Voluntarily Terminated","Production       ","Amy Dunn",11,Website,"Fully Meets",5,3,,2015-02-15,,7
"Wilkes, Annie",10204,,2,,5,5,3,,58062,1,19,"Production Technician I",MA,1876,1983-07-30,F,Divorced,"US Citizen",No,White,2011-01-10,2012-05-14,"Another position","Voluntarily Terminated","Production       ","Ketsia Liebig",19,"Google Search","Fully Meets",3.6,5,,2011-02-06,,9
"Williams, Jacquelyn  ",10264,,,,5,5,3,1,59728,1,19,"Production Technician I",MA,2109,2069-10-02,F,Single,"US Citizen",Yes,"Black or African American",2012-01-09,2015-06-27,"relocation out of area","Voluntarily Terminated","Production       ","Ketsia Liebig",19,"Diversity Job Fair","Fully Meets",4.3,4,,2014-06-02,,16
"Winthrop, Jordan  ",10033,,,1,5,5,4,,70507,1,20,"Production Technician II",MA,2045,2058-11-07,"M ",Single,"US Citizen",No,White,2013-01-07,2016-02-21,retiring,"Voluntarily Terminated","Production       ","Brannon Miller",12,LinkedIn,Exceeds,5,3,,2016-01-19,,7
"Wolk, Hang  T",10174,,,,1,5,3,,60446,,20,"Production Technician II",MA,2302,1985-04-20,F,Single,"US Citizen",No,White,2014-09-29,,N/A-StillEmployed,Active,"Production       ","David Stanley",14,LinkedIn,"Fully Meets",3.4,4,,2019-02-21,,14
"Woodson, Jason",10135,,,1,1,5,3,,65893,,20,"Production Technician II",MA,1810,1985-05-11,"M ",Single,"US Citizen",No,White,2014-07-07,,N/A-StillEmployed,Active,"Production       ","Kissy Sullivan",20,LinkedIn,"Fully Meets",4.07,4,,2019-02-28,,13
"Ybarra, Catherine ",10301,,,,5,5,1,,48513,1,19,"Production Technician I",MA,2458,1982-05-04,F,Single,"US Citizen",No,Asian,2008-09-02,2015-09-29,"Another position","Voluntarily Terminated","Production       ","Brannon Miller",12,"Google Search",PIP,3.2,2,,2015-09-02,5,4
"Zamora, Jennifer",10010,,,,1,3,4,,220450,,6,CIO,MA,2067,1979-08-30,F,Single,"US Citizen",No,White,2010-04-10,,N/A-StillEmployed,Active,IT/IS,"Janet King",2,"Employee Referral",Exceeds,4.6,5,6,2019-02-21,,16
"Zhou, Julia",10043,,,,1,3,3,,89292,,9,"Data Analyst",MA,2148,1979-02-24,F,Single,"US Citizen",No,White,2015-03-30,,N/A-StillEmployed,Active,IT/IS,"Simon Roup",4,"Employee Referral","Fully Meets",5,3,5,2019-02-01,,11
"Zhou, Julia",10043,,,,1,3,3,,89292,,9,"Data Analyst",MA,2148,1979-02-24,F,Single,"US Citizen",No,White,2015-03-30,,N/A-StillEmployed,Active,IT/IS,"Simon Roup",4,"Employee Referral","Fully Meets",5,3,5,2019-02-01,,11
